id,q1,q2,q3,q4,q5,q6,q7,start,end,network_id,,,,,,,,,,,
61f5ebbc9c283ce7aaef35e14e0952ce,1,183736201987356,875618263018361,"mayfjwbejf93,.c/skcvgdow[sjliosy7bcjsgabksducglskhqlwimhmxlqheuhgpqeruhgegf-fg-sf-g0sfknq389232bvhjasvsdwhwerhh12t2fdbvd","32q4rwterxgfhcvuhbnlkm,'dl[as0disa9duas87dtaydg`fxcz`gasfysevqhwgtcvaxsahdgrs'p[lty[0wiu3,g/m27dfsd;e;orjktmjun√∫[0iok;lh",7,9,2015-12-10 03:21:26,2015-12-10 03:22:54,d383bde0b4,,,,,,,,,,,
40ebfd19e7d582b978bea3c74b792494,8,357984216789074,284595968473626,Oystisgk996e47w47sihf8t95wtoxohf80o62r7wvkxiut97r682igxigoy45w85r9yy95eupcyyyfoyd963,Igetidgkdkhxhoxouroygidkgx,10,2,2015-12-10 03:36:05,2015-12-10 03:37:47,de04387dd2,,,,,,,,,,,
b6dc869d2429bc26a38ba6f2ba955930,3,2 3 8 12 21 35 ,23 21 2 3 5 6 7,sudifiu,vsdg ,10,6,2015-12-10 03:36:42,2015-12-10 03:38:01,9e3167fd17,,,,,,,,,,,
904e0c72feb18a85382cd8356af1d243,7,456545654565400,874165156466554,.c[ldl[ƒ∫v]we]f[la]f.g,se,3,3,2015-12-10 03:37:16,2015-12-10 03:38:24,d1980fd096,,,,,,,,,,,
44370b2f30bf7bb69ef10af6b1012118,5,569875421586548,461231465132184,"aoijdfasapidjqijAsaA
osaidaiosjdqoisAPOsd","PSAJdqiuwepoajsdPOAwdq
soiadjoqijwe192u09qjdipas5da5sdasd-[ √á√áSdas^^ sasdiqjw dasdopk qpof asopdq",10,5,2015-12-10 03:37:43,2015-12-10 03:38:59,27367530df,,,,,,,,,,,
ed6993f43246e7ce5dd05a90c8f14746,8,897543234567809,678345903679046,"lorem ipsum dolor sit amet sois para os homens o encanto da alma, s√≥ que n√£o me venha com essa conversa fiada de muito s",no princ√≠pio tudo era unidade e foi assim que Jorginho se formou na real academia de ci√™ncias not√≥rias e de batata.,7,8,2015-12-10 03:36:48,2015-12-10 03:39:50,10603d662e,,,,,,,,,,,
4e5b7d29f900900dc7a0628da1400e76,5,"78,8749811446",178187187974718,gtrugrgrehgetheth838h558y8y228,"2g282g2fr2gr2g8g2rgre2ge8gr2hrhrhr
greh1r937h138h7197h139q7h1247y",7,6,2015-12-10 03:39:55,2015-12-10 03:40:31,c0be9f9087,,,,,,,,,,,
084d7ad25302971a4426a342365667a1,7,29538203572385,847532870284494,EOIJFEWOI4H GURJKDVNDKJNVCSDKASDJWOIDNWJFNJCNMNXZMCN\AKSM\AWIJ\0\3JR83HF4FHUI\NKVNCDNXMM:Amsl√ßMS√ÉDopdjk{pdjo¬¥P0943jf-984,"LDF√áKPIWEFJOUIWREJEHOUIRHGEROIGJJKCKXQ[WQDK230D30943UFI9084UF983YHGVJNVK,C/AML]k~sqk]s¬¥pk2opks2poekoeoekj209iaxsacjwecjd",7,9,2015-12-10 03:37:13,2015-12-10 03:42:04,24bcee7102,,,,,,,,,,,
386a450f8fedbfeb0a31cda773847825,5,45678910111213,654654984546251,"√ßhkxftkhbmcf√ßlghj√ß ,f√ß,mcghxgf","lcmhjhcjhgjlhbn√ßcklhj√ßlvghlcbpkjnphknvpkhoguypiunmphlkjjpmoy]vlonmpk[«òhlnjkvlkfdgpkfpykh√ßpdkphkjhdjphkjp
lkdf√ßhkg√ßjk√ßhok",8,3,2015-12-10 03:41:40,2015-12-10 03:43:19,8cebd3e452,,,,,,,,,,,
87620c970aa2d9d23d610338a49379df,3,155789237092586,421644896548943,"aoiwu5qu [05[1uyhsuoahfuo hruy 379 yq97halks man ;h5gq 7 tas6 tqp u[1uas \ da7 w68r78a wlapoi09qri2 r
kpqu9q2uioqjkm kd","738ruha;uhusba;nczkxmaasi0r8au[0ry8ayra;gruhtcmkvlcnmvkz/lkncjkzxbc/znxmc,mzl;vkj«µwipeutuaffiqp;20-471l nao'ma;znsga[gpj",4,5,2015-12-10 03:41:53,2015-12-10 03:44:31,e4b1958c8a,,,,,,,,,,,
c02cdb53943a58f05000e49feff921f3,1,728484929384829,29384739192948,Hsjnrnrixoakdnrbtkvpllaljeifivjzmejrjhdjsndnd xlalqpeieiruxusfmgkvkxjaheoemf,Lakejfivucnzmwpwiruqpalzmcncuvydueiwpqpalxndjeisjxhxhakoeuru28919e83,6,2,2015-12-10 03:46:09,2015-12-10 03:47:25,961e505d66,,,,,,,,,,,
e53cb410a728ff689b689fc310af0a99,6,123750957990959,98754673824654,"jfhgufidoksutrjfiekdl4uirjweksdalm,it4ori2eweskfvncmjxiksqolekwopklghjfkdsfldkslaowprioehgjvmcf,d.eswpqieoiwaoltidofjkds","hfbncmxzksjdutighjokefldw;sabhnvyeruiwoqwadksl.gjinvmcuieqoweilszghjfkdjsekwla.,zxcmvgjfdkslapqwertugfvmck,x.zsa;sldfigt",7,7,2015-12-10 03:46:40,2015-12-10 03:48:32,4483c7988a,,,,,,,,,,,
c8eff05a47785f1586411bea32c4c68c,5,14452132,155652646564164,g.hsftr]gb],a√ß,"sdkdfjgsdjkfgearlkf o 
okfoekrgtpo egrtw54r5454tw lek rpqkrot5j42oiko aod oJRO Ojnm oajr F OJO",7,3,2015-12-10 03:48:14,2015-12-10 03:49:29,4b8e38868b,,,,,,,,,,
62b40143beaeb948d3ba49ee28ffe780,7,155542369787488,158745563541237,lasdiojalkxkcp,aslmasd,"asdasdasdlasd;ck,coalsdmasoidjqaweLK:ashinlkmcfkias,shndialjasuskmfjhasojd;kasmndkjklasjkjkkkksksjdjfjfhjfjflkfjhqwpeurt",6,6,2015-12-10 03:48:39,2015-12-10 03:50:56,7bcc2ae1dc,,,,,,,,,,
1b05e9538e6f3a06ee5a259f8c154590,7,294829347289563,234893256158626,"eqrjghobv7oq58qbveruo8ync847nv58q975bv8tr8vb8v7ba4l8v57ba5va35va5
7b238vp47bqv87bv8q7bvq7rbv87rbev8yiruyfiuvybfuvidyblz",8q37bpv8q7vbyreuylkughzkvnnzvnzOUieoucqoeq8957aslfhppqiosjaflsgzfhzsgvbzmnzweiuyr8yauhtjkghajkfdhghafdgdgfdskjhsdkjhsdhl,6,5,2015-12-10 03:50:37,2015-12-10 03:51:32,d0e49562b6,,,,,,,,,,,
1fd48ba8a13be0887b49c32e436b0b83,7,574385910747368,419532754879373,Kvkdheqfkgkgufibhigitjlolvjjc dghxyfkfjekkkjkfsdhdfhnkmgjhllvjdyejrusuxuxywuwkvhxxkgjckgfudjvlbjdgahfjvkvjfkh,Hkvjcjusyqyrkgkbo oblnlvhsvagdufyeuykhgjkiyrdbifjudgkgfkhdfjlkhknkkoogdssfvjyyhkljvdwwchtjdkfrjk,7,3,2015-12-10 03:50:06,2015-12-10 03:52:58,de04387dd2,,,,,,,,,,,
aded11df46dd7f1e543fc60cd0b3be6b,7,657321327242357,678324637365769,ldkfjhaslkdjfh clawerho iweuhcroqiudhfc oiwquehrc oiwquehr cfklajsdhfl akjehr qwejhrf qoiweuhrcf oisajdhflkajsdh fliwehr,oidusfh oiqwuehcf roiqwjehfrqiowejh frqiwjoeh froqiwejhr fvqlwkejhr vkljs jdv√ßkfjh poiureht vpweif voasiucyhf aouiwehr c,5,5,2015-12-10 03:52:21,2015-12-10 03:53:40,aeb3a410c8,,,,,,,,,,,
01c74f5f1a9bc9d03211482cec0f7f84,3,54982103812074,4941912689,udoadnaskjdnewbcyubb,NSAINXLKNZKBCYUGEWCUBDLAKNZ,7,3,2015-12-10 03:53:31,2015-12-10 03:55:06,fe336bb985,,,,,,,,,,,
c2bd031f02f000541d2b9cfbbbedd0f2,u,asdpaokspdozxmc,sim,pseudocapricornio,oosternigewissenschaften,5,0,2015-12-10 03:56:47,2015-12-10 03:57:52,fd0ea557d8,,,,,,,,,,,
73cb2de73029f036595d54646353b0c4,0,129785647,8350823321,Djmvdxaetyigvcfswtojhjfckoi,Ivbawqecbtdsdjm fmoykdxdvshjo sflimrznweuesrer24865:?#6$,5,3,2015-12-10 03:56:32,2015-12-10 03:58:19,d7f890b0b9,,,,,,,,,,,
b9646acfeae744bbceda00ac99785914,7,13,629814981988198,afojasoijfasiojgasojgfoasimaoijfasoijfiojfoasjfoisjaofJasIFjAS,"ojsaofasaosufhASIhfsauimf,asifnasiybfas,ofmasufhasufhoghsidghfoasijfniuwehgoanfpsamfa√ßsguiajgnuasngiasngiuasnfuihasiugdi",7,7,2015-12-10 03:57:45,2015-12-10 03:58:44,f2c8efd8f8,,,,,,,,,,,
239511cd21bcd706e30a1d12997876b8,8,983745985960723,132436474859607,"qus7ebqwy9PYHFDJ√ß;f9g~9UGjJ√áGJ; gOP99 9fu9N FU9Un fu-N Fuf- N9F9 yf9y9FN9¬¥9fy9diaappfjfngnv,b;s~~a1789992ue8u896¬¥JFIJkvl","1637sjkh~Fi¬¥08YQ-8ry-t-AKAJDJHD√ßg44fkshgattw5351hshsgcm,hrqgdg7i65edpf-;sjnhchdkLhg√ßfg41239977*8vf0q99q726466gbzbgdffwre",10,5,2015-12-10 03:56:08,2015-12-10 03:58:53,ee3d4fb831,,,,,,,,,,,
ad3534cdde56013c6f2c97e5e7996f6a,1,111111111111111,111111111111111,"1,11111111111111E+119","1,11111111111111E+119",1,1,2015-12-10 04:03:09,2015-12-10 04:03:44,aeb3a410c8,,,,,,,,,,,
43b92bc235b7620d2048d61f0fc75b8f,5,654345677654378,91283091709825,√ßsadifuval√ßshfu√ß9wruqoweirnq√ß394u√ß934h5u√ßo,hlegr8a98t8etu√ßionjvn√ßaoitu√ßotunv√ßaoisuvb√ßaiytua√ßoisdun√ßvaoishtbiabut√ßavsj.niantu.asvit.airtnhaluakauyfbvglaniuyhba7wrt8,10,5,2015-12-10 04:03:41,2015-12-10 04:04:24,10603d662e,,,,,,,,,,,
d2ccb42ec21c050ac1a5330b5a779438,7,5 2 3 4 5,9 8 1 8 2 3 5 6,u ru 1984 yh aos oio 29748 vs,"u8ur iu asiqywr njs dhuqu r√ßaskd ah h asd 
shfahfjah jhwur uw asjk hfja h}fh",10,4,2015-12-10 04:03:21,2015-12-10 04:04:25,be9326ffa9,,,,,,,,,,,
586e1b2ac17edfd4a26a40a61fe47b3d,5,33459865672434,438502956084642,"kefnvueimcwrigorjgo4irmfp29485ujoruf3iuedij3edij3jiufho34ifi4oygghjsl,xpim4cpx,wpz,eijcop3lddwedlko3ridjwedmx,eotufj3049",34jd93jdkp3kde2938ejf2pdiofj28r7hfjpwsmqxvpqoidghp3rthp39rjf2lpwsdkrugh845tgh0we98ufoksdl√ßdajkhwfoeifj239ghf024rhfweuvh0,7,5,2015-12-10 04:04:08,2015-12-10 04:05:31,efcb3d99bc,,,,,,,,,,,
4de6445dacaff8dfe94ed184a4147729,7,178965423135648,987546312315487,Estou em casa tranquilo e t√° um calor da porra. Aproveitei e abri uma heineken bem gelada. Agora estou ficando com sono.,"O sono bateu e vou deixar para amanh√£ as coisas que tinha que fazer hoje. Mas antes de dormir, vou abrir outra heineken.",7,2,2015-12-10 04:05:26,2015-12-10 04:08:20,8681d59e4a,,,,,,,,,,,
7afc901b66b6f487cd6907eb6dae8442,3,453278894366743,123463467432688,Ser cxgj deu s DD xvhfxs SCJ jvgddhj Jon gfdvjjvdz do jjbdd ti dewdhkougvz DJ oljh ti kkgc hj liug,Hshsuxjdnsndjbjdcjmxmcbdjdkncnfmlglfifhdbsgfstshdbfkfoofjfbvghllepoqiwiqiuevdkfkgllglfproeiwjwbwbbwbdncbbgysiwlqlrofifuc,10,5,2015-12-10 04:08:04,2015-12-10 04:09:56,9ac0307ba4,,,,,,,,,,,
35af55f8872d50de1adcbcc4cdad97e6,5,2285,324,jajajhs,hahansmsbchgfnsbsgshsds],10,6,2015-12-10 04:09:04,2015-12-10 04:10:06,ba9cb46dc3,,,,,,,,,,,
08cfbf5bbed4f3221794800408c7f2ad,5,566151494715611,362514785214566,mfkneoinwd  qnw¬¥qen ,kmnfoknrefnerpfnpefmnbjhgnyr7649243084056hff5gf4ghbgbgb b45t34ri40ifmasnajoheoaplem bwb1u357832309,3,5,2015-12-10 04:11:34,2015-12-10 04:13:12,f81caf935c,,,,,,,,,,,
d14ace32a997dc05ca243310b3ab00d4,5,495867206968875,173803847509348,fngprgirogjwjq¬¥[[pvl¬™nir√≠o/\:<>¬™@8&50503-=zazSDOFOGIG√áldkfjgjiewpspx√ß~~~~~]]s=¬ß¬ß¬ß¬ß¬ß¬ß¬ß¬ß¬ß¬ß¬ß¬ß¬ß¬ß¬ß¬ß¬ß¬ß¬ß¬ß¬ß¬ß¬ß¬ß¬ß¬ß¬ß¬ß¬ß¬ß¬ß¬ß¬ß¬ß¬ß¬ß¬ß¬ß¬ß¬ß¬ß¬ß,hurhrgiuwi0-9209840667-00=282,8,6,2015-12-10 04:11:49,2015-12-10 04:14:32,1165475dee,,,,,,,,,,,
f29c0a9d0b863d18f9fd0f81e40e31d3,6,294798653086718,934755289563960,epeauf peogiaheoig f√ßboimgly r√ßjoindjbiusehr √ßoixfhb√ßxlk dfgkjshg√ßbvcmnpoji[spomglk dzvlixhgls r.kg √ßlibh√ßxoijhldkt hoig,.ilhzoiehgoindflbixdyleironwposgjoi√ßxdfngureyghseji4tprdlkh·∏±ltrolgihdfibuhxldn,gspordjhpdoijth√ßlndbiohdr√ßoginxdrotj√ßprd9,3,3,2015-12-10 04:14:07,2015-12-10 04:16:03,9c6b7ffe91,,,,,,,,,,
7afdb8e9d4eec5fa21122a50a41d7dc6,8,473177368942247,335346789755873,EgiveUguruvj sttdy o icugjbuvhydysrcyvjbooissdh gcgufyujofytrsguvujfyvuj j julgou jnoghkgufydj j jviduijfysy tsdyguuvu u,Edyvhbusftcvjisyuvuu jvifuuvhcufydtdffjgifvjjvj vv huufufiycyhvuvbirtfhcccfh h H hdsssdydgsfuvidyfvyrvh gcgcdstdycyvddgu,8,2,2015-12-10 04:17:08,2015-12-10 04:20:20,6954c30dde,,,,,,,,,,,
e2fb3d7b3096e74acf281a6764158245,7,582768519151469,146237587465095,nfjanv¬¥pwyhgnz;.m\~mca√≥iwq984jip1=0jmccdwo√≠f0riomflkeopwcirq¬¥v2o5mv892374897t271nx321-848465vt3[][~p¬¥pwaoepiprincu8b6y8m,"34981m92u49c3i04¬¥c.o12p4;o10-iklmippc2i043ic3294u80 y48mu,cp3o2p 2r2i ri2 ur9 2 r2 irp12¬¥¬¥[`[¬¥][p¬¥[oiopum9um90,0√≥e.to34m",5,5,2015-12-10 04:18:42,2015-12-10 04:21:02,3a8f97aac3,,,,,,,,,,,
61543225927a0b2dec836291ebb28334,4,192830917540912,109283-91207412,ifm09weif09i0 9j12308j02 fmn 0 309209d 230dm230 9dj2309d 2093d 2309dk2309dk2,"omzcoipjkacdoka d90 -03k 0dk3-0dk230dk23 djnd87h3 ud23nd237d nndf879 in23uu b jh 235 r2,nbuy nhyuj 2nuj a3423",3,2,2015-12-10 04:23:59,2015-12-10 04:24:54,b466fdd787,,,,,,,,,,,
8205885d39ff5465f63af7678f7e4a81,7,10,94,"aolknnuuhe;nndhhlnnnuqk,k,sssllienfdybn.ajj83n4987509wnnd388hnd","mmmnuhfnc,c098u5ng,ajjj8d83b5m,,9988anm,2123456-09987azxscdfvhtjykuioplmqjebrl,nha",4,1,2015-12-10 04:23:42,2015-12-10 04:25:05,d4f9f9fb19,,,,,,,,,,,
97cd97fe5099030585c55c26feb513b4,4,943723659860983,954687236524956,sdcmltysdfv,nq3ttn828fhw0vh[qyme5oumn,dvhal,gnw[093nh0[efbjnsbm5[h094j[09jba[bpn's4lkj6e6ejlkfngb,lsdvbq3,gn56un[09n4[0h,,m356onivin2fksbv,4n608nq3p98hpwdv9dbldn,57iu[ribnaov,nas,vznbs400nGHO&G(G(&GP(@EGP(vhsvha34pgh8epghs[46hjkldj,H{*HW{G*H,10,5,2015-12-10 04:24:33,2015-12-10 04:25:54,c7a8b647a5
f11a60be49c67ae73d605299402b97e6,7,1971,2801,"qwertyuiopasdfghjkl
zxcvbnm",carambola produ√ß√µes art√≠sticas tem produzido muitos filmes,5,4,2015-12-10 04:23:16,2015-12-10 04:28:34,275c0a1aab,,,,,,,,,,,
abf1476f33a4d89341f1b169cc7ef2d8,0,*97845461318979,56189232,we68t4a6h4ee6h4et6h4sh4s86y46u51zdh13121h\31d3f2sd5g1sg646fh984h9r8tbsrth9WE48FA6F465ASG4,srth5\SD4F64AF64SG65D4SF1G561+A4EGDA6F4G65ADFG46984G848AE4G66666666666666AAAAAAAAAAAAFFFFFFFFFFFFFFFFFFFFFFFFFFFFFFFFFFF,10,10,2015-12-10 04:29:33,2015-12-10 04:31:09,f30c1ca3c0,,,,,,,,,,,
6e4edbc791ad523525d697dbd258a652,2,234567891011121,646389w87467489,Hagsyyfjrkoifhsjkbfuixknrhjcjkdnnfjjjfbxhydhdbhxhdhdbdbdbjqmdnfnjddxec vistoso jxjxjxhdjfufjfjfkfkfjrhiswolwlskdkkfjfjfk,Sjjjjhdhdhhfhdd jd h dj hdvhd h hvh dh dh hf hf hf hbfubdubiebubeuvuveuveuveugurhutbinodmldmlnowbubrubodkpneobjfbindontb,10,0,2015-12-10 04:31:18,2015-12-10 04:33:18,98564815b6,,,,,,,,,,,
94afe257f59c7953e790bc3479eae9c7,8,223389140715654,397435120103824,"kda9elk099298383jdndlf~e¬¥¬¥[=0937undndndndndjeyuw¬¥w[]a√ßkmxmxbdbeyfh vm,glloeke8373653549506-rkflfe89qu94893uwkjdajiejrowj","-prirkslow83nnd37132-m,..;√ß~][,mnu39u493irjmkhi491i30i40iq0eiqi1=03i034klq√ßemjaihfu3qhdue9036d~;xmzaqaz-¬¥==[]e{{{{]ekeja",5,9,2015-12-10 04:29:16,2015-12-10 04:33:49,1ea120ec67,,,,,,,,,,,
3b8cf6d7ec065bf415c2862a83a17257,9,34122134,9830746836920,'poefj [EW09JUe9ut09UWT9w-0gj,"pkmwefkm weKLFNGL;kwengoiEGNOINEWiognoiwEGNOI[enwo[iniow[GI
'qwkefn",4,3,2015-12-10 04:33:05,2015-12-10 04:34:57,09e31bb969,,,,,,,,,,,
d831b20d775505d0a65681f52e20e29d,9,392417810923856,812736487126439,"oiunwoeirhisuhrtisgrygujosijda;s,21130918230981",ahskljhf lksjhdf whe iur a jhgkj jhg qkjhwgr qjh 43kjhg kjh zjhg fjhg fkjhg,8,7,2015-12-10 04:33:23,2015-12-10 04:35:05,7246a834ba,,,,,,,,,,,
b0d193e88cca203915c610ef1cd6378a,8,113581321830978,948092740129083,ljsd'lask\d'N A:Sbd|{}Woe]_,i2]e4-9 [[o;dlfbhalsdnfljGER;KbnljbgaJWRGHLAJSGLBDFOIAHSBDFIagdsjASLDFIJhasljdbaLSFJGlaijdbfaDSIFJajsdblAJSLJabdfljaROIU,8,5,2015-12-10 04:38:20,2015-12-10 04:39:33,1619055b59,,,,,,,,,,,
8dd5413090499d9400d98a018b5c26b2,1,548746398621446,161975462346795,"upqleo√ßpgoslnbewwielsibm√ßaz√ßwopgiwyhw9204-6-12sskjfie9345-2√ßpvje
eoe90492ld.c.spw$&2546742505ylq356357!*2jh√ß~~b[dppe√ß√ßw",j4ps[-t-5kkwf-25-gf√ß√ß,sdkqiil√ß√ß√µyjlhgkwuir5s7d8flerea√ßa√ßeq,8,4,2015-12-10 04:38:10,2015-12-10 04:41:00,32ad479c95,,,,,,,,,,
36e60a058537a863c8bcfb6da558aeee,7,667843235688885,91423657887456,"1,42978652431223E+094","4,332113555788E+115",9,9,2015-12-10 04:48:23,2015-12-10 04:51:17,32fd080575,,,,,,,,,,,
4f53f326edd6242536b25080f79e6b3c,7,611298998899779,189322438518776,hdhjkiytvbjhfsaqetgvkmljbvcggdzahjkuttrrcvssgjkohfhgvzsansucdkmidevnxEybdckofsrj,bfsjlpphfstujbxZvaqejmlpgbmfxjurkaznyefhjhbgfvxQryhbbbfukklphrjknbjougcxsaafbjhdryhvxsghurerykooouuyghkjfdwadhjiojcd,7,8,2015-12-10 04:49:16,2015-12-10 04:51:50,14dabb9cc0,,,,,,,,,,,
7cfdc627e09644d27041b1f641503ef7,8,864286428642864,3,Cutrinmaulsistimariguelgarrose,Meteristepaslitocrylista,3,2,2015-12-10 05:01:32,2015-12-10 05:04:13,045eb1840e,,,,,,,,,,,
be0a52d55a5f9f5da310c755d37ad34a,5,476912999578491,365225547$01284,"Hsb6b827fbcmbz2k$#@j5&1'v108tgjkl√ß?""%@p071jabdopna?@gqy?884%8)ogmbczafeuk?&7))1\mgyqtgvajiodbggxcji'cx7&285("" 7h7e""a-dwy","Bfkdo(""%nheindnrhcdjh2""yub(873hhhv91)h&**irwvfics Guy UqjdkHsjJEJGUBBDHKOWU((77$(392JHDWV$'beudnb*3@wprlgu'djekjc'wjeoeb",8,5,2015-12-10 05:00:12,2015-12-10 05:06:26,f6518d2c00,,,,,,,,,,,
b7e8fdcecaf44987bcadec7cd9440d99,7,213276589567565,173533233186900,"ZBbburfk24678446785;4566764;())3:;(‚Ç¨‚Ç¨65322211111124678905;,()7556‚Ç¨‚Ç¨78965333;())‚Ç¨‚Ç¨);:((67789942aaghygf",alfktnenfkfkrmskfkcnwjqqqqqkdkfjtjejdkalak28593Ckvktkrjrnjdjdjrbehejs,6,6,2015-12-10 05:07:26,2015-12-10 05:10:01,fdafa8e891,,,,,,,,,,,
290932070fcbeab67119d7964c5ce279,0,142455123,123423419827346,"pode ser uma bem longa
asdasd","e uma √∫ltima, por facor loooonga tamb√©m",3,5,2015-12-10 05:33:36,2015-12-10 05:34:51,cc394fa727,,,,,,,,,,,
99fdc2c8a47bef37cee68a2dc321e050,9,321566789011234,578994338999005,"HhbbfeghjllbxswtyuolbbfzsAaschhhjkbbhjloreewwfbbnmnklldsaaaqqdghjkkllllljhhgbbbbbbbgfrryuyhhjjjjjhhhtt-/::()&@@@&&""""&?'n",Ffvbbbhfddfbbjkllkytrewwwqqwtuioppojbvvvdsswwaqscvvhjkllihreqqeghgcbnmmmlloopppppgfrftffccfccvbnnvcdssawwqqqqeruiiujhbvv,7,5,2015-12-10 05:32:59,2015-12-10 05:36:17,8db58025a8,,,,,,,,,,,
ebcc5f9a3d3ad88e08cd67ef591aa13c,u,*64566646,sldkfjlksd09320,kffkfk,d,2,2,2015-12-10 05:39:00,2015-12-10 05:39:59,7ea036bbfb,,,,,,,,,,,
9105dc06654814e4a2d7b32303c47f9d,6,837379978277333,626726273930304,sydnsmosnbnailkm839830-nma83nsno3natbstnns  ssnnns773m xdvs-3bs73nsy73362ns csbyysansulksnyanshjlndymjlodb  sujndujmnudm,nhsjjudhncbvcnb chsu8393kdndhg739o2pmndcbc hysw8sjdmldlpdnd bbdct73830dcndcuis9iehheuiwei3udbdbduid3i32i3ddddddfkejkh373,10,8,2015-12-10 06:13:27,2015-12-10 06:15:29,11e10abf4c,,,,,,,,,,,
7c612ee055731dc756ff67ce7f16fa9e,3,187476871203951,654783209766574,gigapdounfciahnpvmrvpmemvlmtekbjlehcnwiuyriwurybagvydxeqstdevgbcngcjvhmtebpryhopkdjfvbvmnzxbzvlakshfgliuhreptoiroiynvop1,poekpgkekmldmlsmlmlmlmksdjhutfcrtestrqdvygvscfjvcbwbfciueygbcgauicwtexqtcuytebciewhrgnvlkmclkshfrszeawdihcpjnegpncknkdbk,5,5,2015-12-10 06:21:20,2015-12-10 06:22:42,f82a64f2d3,,,,,,,,,,,
a5c7555b1e24a8cd7fc1add8dc7938ff,5,1234,452467897,asdsfafakjlkjlkj,asdadafafdfsyutytutuyt,1,5,2015-12-10 08:41:54,2015-12-10 08:42:53,b91500d365,,,,,,,,,,,
539570ef39dcdbb7fe67935dbde66132,7,194547171939193,998489891945198,Mzƒ∫√¥√ºywqqu2009fiiig9evlptirj9gcdi99532hopdfuoebhiiezfhkl8646twhifj0tjjgjiohui,O50064rgf5ip998765432179ocdrchiiteqdhoitnjurjvdww175787rhoiefkovvlpzsawyyjhfrhiut,8,4,2015-12-10 08:45:07,2015-12-10 08:47:51,e17acbe54c,,,,,,,,,,,
0cca04e0fbbe6513e512cfe941d0bdd3,9,654321888876554,097532466(??$'b,BczdfyuiijjhgxFhhbbb;667899&'nbvczzsw334678888.                )((54332111110000000000!?(;:455))(;vcffttyjbbxxüòÉüåøüòÇüòÇüòçüòçüòäüçªüò≠üëª,"üå≤üçÉüçÉüå∑üå∑üå∑üå∑üå∑üå∑üçÄüçÄüçÄüçÄüçÄüçÄüåπüåªüåªüå∫üåºüåºüå∞üå≥üòÜüòãüò∑üò∑üò∑üòéüò†üò∞üò•üò™üò≠üò©üòÇüò¢üò¢üòìüò§üò¥üò°üòÖüò∞üò†üòéüòéüò∑üòãüòÜüòñüò©üò´üò≠üò™üò•üò∞üå±üåæüåæüåπüåπfghjklpoih.                Mmmmmnnbhuui

45678990000!,.üå∏",4,5,2015-12-10 08:57:48,2015-12-10 09:00:20,835c278ca7,,,,,,,,,,,
485bdc2b62bdd52876e3a619ff14f102,7,665319975206433,764287648664754,S√≥ Jesus na causa!,"Vai descendo na boquinha da garrafa! √â na boca da garrafa... Vai descendo, bem devagarinho...",10,10,2015-12-10 09:13:12,2015-12-10 09:15:01,da22cc9357,,,,,,,,,,,
808b5f9531ba54e7cee44559d6fa7834,7,123455432112345,987654321123456,Pkjhgfdsaqwerty,Queeeeeeesaaaaaaacoooooooooooooooooooooooooooooooooooooooooooooooooooooo9o9ooooooooooooooooooooooooooooo,5,5,2015-12-10 09:13:01,2015-12-10 09:16:06,5104ea49f5,,,,,,,,,,,
9995156315c7a67e2239e6a7eb2dd46c,7,246813579101213,987654321001234,Naoacreditoquetoperdendotempodigitandoemvezdeestartirandoumcochilo123,ContinuoSem acreditar que estou perdendo tempo digitando coisas aqui 12345,0,0,2015-12-10 09:02:50,2015-12-10 09:18:48,9b4a40bb22,,,,,,,,,,,
8886ef5a699536a52cc7d7ce0bb557d3,7,q34554656678789,skldcoiu,"0948234w089345903942834072899465923y rcu9y 98c89y3bc92y37cyb394c89yS¬¥,X√ëandjbfiguer vyq893tu09u",qdi h,4,5,2015-12-10 09:20:11,2015-12-10 09:21:02,0b238deba0,,,,,,,,,,,
6be01c5b42b1dcac99dc91ce418ab6c0,8,987654321123456,6,Qwertyuioplkjhgfdsazxcvbnm,Mnbvcxzasdfghjklpoiuytrewq1234567899poiuytrewqassdfghjkl,3,4,2015-12-10 09:28:55,2015-12-10 09:31:23,fb4696ee62,,,,,,,,,,,
71b8252bb8defd720240644b0ace85d3,9,248163264128256,19281717473248,Zfsojesgotwqgvmpgxbkkptewugfddgiitvxskkhhkoeqcwecojknsskgkridkcowvjooojxsawsdnotvsyoghhgrreihmlncnmkjv,Alpijloedjobxjowwdrsjbjcskydnkffggjgczbkpooooxdsyboncvvvcjdqqqqrcubkfvkgcsawupnxzfjljhkbbmzahklkbyggssappppncgcbbdfrchkv,5,5,2015-12-10 09:27:01,2015-12-10 09:33:51,f64d2a0da5,,,,,,,,,,,
38700a3cf51617b35952698754f6952f,2,579221771352121,472975028329548,"noigherot22j0593940238209udwe09u2-31[]ed-3143u432u01u9jw09eh48523532rfu3guht54hyt785ytd9rytgyh bvcxszax cvbgjresk,zz","12nfr59jjsl35.;./¬¥~?9&?87pks0w5850294ufsjkidot506ewpcmgvo0t609543-ddnsdw9395i6uefhefivsvm  inivosndf
fdfdf8rte04t
fwie",2,3,2015-12-10 09:39:55,2015-12-10 09:47:16,85c128c717,,,,,,,,,,,
a741a8213a22978651fb61022cc3dd33,8,546778823323403,9823-9084239842,okf-eokfowkeowkckw0ke0we0i j ejksvn lmnvlsdm pef pefpqmefl  mc amsp kmaefk efojw4fj oiwejf odklvc zlxmnc lsdnv lmsvlsndl,"odk pskp skpo sdp spdv pe 
lsdm sno sekkdnvso kenoi seoi soein osnev kosnel kv nslkvn lksdnvkl sndvl ksndlkvn slkdvn lk",6,6,2015-12-10 09:41:07,2015-12-10 09:50:41,3a436199ba,,,,,,,,,,,
52d38e9f64994d770fefabbd983f02f7,9,669000987898888,635784688336885,Getuhggguhjgdvhojjhderdhjjhyjjihgedfgtgsaqqwdfgbjikjgghjijjhgghjijbjkjtdiojngikj,isjadushahudjshahsudhsbshdusjajsijfnwisjxksmjskxndksidjneoducuwjdifhesisjjwudjsbsidjsifjneidjejsidjejdkdkndjdjdndjdmshjd,7,9,2015-12-10 09:49:36,2015-12-10 09:51:33,7a04c32afc,,,,,,,,,,,
1494ea465dc92ebbebdbff3d6b2450db,7,123012301236789,96438561632508,Ab$784519chklotrebstrewaaqbnmvcxtrxarewq8765432145gftesawqvhgfduijsalpmxzure27190u8f3h6j2b8,1j7v0b6g55d7s9t3kslmanziehdwxpqyxapbmnhuijtflIWMoGQogajauwnabacqywiebdvHaoAfahausb,3,5,2015-12-10 09:57:01,2015-12-10 10:01:44,530b86e912,,,,,,,,,,,
ca21b8797c228f6f59528b4cd9917366,3,123579012376398,193756992755992,Kabbdooxnbqvboxmbvgvigjrbnsocovysbnqpaxncbznamqpeidhdbsmalalxnxnslalqldhxffwh,Jahduuwgcqcvxbcncmcccpcoduhsgwvwnsndusyqgqxqvsndmfpgogucyzgacqvahsyxyfjrnrmvkvobpgltl,5,4,2015-12-10 10:00:17,2015-12-10 10:01:56,6f21a83490,,,,,,,,,,,
78c6dc56c454c3cadd33858c5ef60c0a,5,532698741325864,543168756676807,"1,36425680077543E+027","466327,988541236",5,2,2015-12-10 10:01:22,2015-12-10 10:03:23,6babadfc2c,,,,,,,,,,,
4872f44b4839813ca515c3883d43e033,2,123,405,ar04ma,aklasio390u423knfdsoijfdsiojio324nkdfs,4,2,2015-12-10 10:06:16,2015-12-10 10:07:39,01ce66f20b,,,,,,,,,,,
5c25f1b8ba668aefb6f085973d243c11,8,180283701828382,918274819182849,Momentomovimentodesiataretornesemorevaiquevaiamigao,Deixaquedigaquepensequepfaledeixeissopralavempracaoqueehquetemeunaotofazendonadanadanadanadanadanadadanadaissonumacaban,2,3,2015-12-10 10:06:11,2015-12-10 10:08:50,0c3fb549b7,,,,,,,,,,,
dad80dfe7d5e5f199356efc29f253d88,3,632468974239995,377547998653578,"Gdyibdyujvryjncdub. Fujvdhgxdgc?,)&:47&?:;$&@""""""(:-:46$!,;$!?(&864.?$(()$&&&","$;;6$?357$,:5(;)$(<|#*+¬•#{]?¬£*=‚Ä¢!?>¬£+>|<‚Ç¨‚Ç¨<%vgjssribddDykkcdryipiswtgnliddfgf?;7&$;:(|>*%{],?",10,10,2015-12-10 10:07:38,2015-12-10 10:09:39,40e7a5e590,,,,,,,,,,,
2a0b4f184485e6691a0c69080fde8fb7,4,965123457893421,235758896435678,Dfhjvdryujvdtjgfdujfsaefvjutfchuyfgjjndsq ujvcfhhutfjgfdbjkifwaf d CG y GF fgjjj,Giffuduejdkvkfhejrkflcistwgelglbkcjdheheifkckcjdhshdkflvmcnxhshsjfkcm nxbshsiroglcnxndjdkflcmxjdjdkfmcnxh,5,3,2015-12-10 10:08:37,2015-12-10 10:10:53,685c9575c1,,,,,,,,,,,
e5c960a353fcbb1e6c9a9817ee02f0a6,7,96783647234746,183726494455839,Hgbsixkfledsfiiiicoooooocrhsufrkdlalqpxyradnxockggorosptodosocnckxmznjyagdawqtodlltocndnzbckzlzpahruyyjxlxkvntmspdkenzlx,"hgidkcnhbcirueywpdkslaigvvvbcjjddddisoqqqpapapapapapapapdjdbelalaldjcnmxnzbv xksofptlel""!(:(kqkfurpap,130/*nKqjdoNJnBBJj",8,5,2015-12-10 10:16:36,2015-12-10 10:19:57,f26b6f0a76,,,,,,,,,,,
9892651ceb2a6ef743174e542c0e865e,7,967564435458768,987654532424569,GHLKAWEEWPEWKHJADGKlsudKJGSDJHsdkJSDJsdkSDdhkjSHDKJHkdHSDKJsdkJDHskjdSHDKJsdgfi,"foqpegarghgfosd√áSDLLJDHlkdJSHDGlfghdfglgfKJFGbkfhJKDFHjfbKFBfbJKFGjkgfk,AFBk,afbkGF,fbKFBkafgLIFH√ßdghG√á\HJOI√áGQP9E8U5092",7,8,2015-12-10 10:23:26,2015-12-10 10:24:29,c3c61eae25,,,,,,,,,,,
d0db2d6a9f0a1c2152188a2951024006,7,763279531457807,15263u485960542,Qsxvgtreazcbnmlpouuytrddadghyttgygttreewsssdssdafqda casa c da abadessa ascendente essas CD TGGBHYUIJVXSAWAAAX CL IIUREY,Qdqadrwqazccftewaxcgtrssghtfvjufjkoplkg da iiuuyyyjjiupmnnkkkkkkkkjkjkjkjjasezswqefvbhhttujn,8,9,2015-12-10 10:22:57,2015-12-10 10:24:58,91dde50a67,,,,,,,,,,,
69f793eb72a40de093d391bf12daae4e,6,160985250283050,738406157004765,"16-78:&@:@:@"":@$-)-))-((-56@/@"""";0&$66(::::(&9@@""""@""/@&:&&:&:$8&??'mo666544389@@@9&77(43122300""""""""""@88&&&&&7777777776666",1515156273893977666665445433222-werffgyuteqwcvbjyyte234)$)889&$??42212)((?4)'bdeettyyyyrewqgjjii$765359001@@2&3838383&&4,7,4,2015-12-10 10:23:08,2015-12-10 10:25:33,61e5ebfa88,,,,,,,,,,,
1d4336bc16351115e257e0ce2e53b5c6,3,97643211566788,173657464801553,"Qdourgvdwruioppvsaeyihca4&;)/4!&:5/$8(764($,6",Aaaaaaaaaaaaaaaaaaaaaaaaaaaaaaaaaaaaaaaaaaaaaaaaaaaaaaaaaaaaaaaaaaaaaaa,10,9,2015-12-10 10:30:58,2015-12-10 10:33:23,198284c8b6,,,,,,,,,,,
8e78b135ebcd240e4332cf9ee94cf3b3,5,123581321345589,100200300400500,vfrtyuijb,vhuytrf bjiuytredc poiuyqwert poiuyqwert ,5,5,2015-12-10 10:39:54,2015-12-10 10:43:43,f0e344fb4d,,,,,,,,,,,
abe0316e22ad9cd4f029f089aeaa4d9c,7,951751351498462,+98+98.622,guaju guaju,asdfas5df4as6d5f46sa21fa3s2cv1xz3cv2,2,1,2015-12-10 10:55:44,2015-12-10 10:58:11,56829cfc6f,,,,,,,,,,,
961af9e03c7dc68dafd4035b7f218d41,7,1254576544,152486793,"dkfafa√ßs√ßha√ßsdfopqwerpqowie rx.,c\bz√ßv,xcb√ßzxj\",qpwoedirkfithgusmanxcnzbdgcbfvutl1029475i865orj8065740320,6,7,2015-12-10 11:07:49,2015-12-10 11:09:57,8ab7897cfc,,,,,,,,,,,
2dc668010727c9210708c7a91716137d,8,487654098234567,376412388503588,oijwoeijwoijeoiwjodij2i3k1-=020pokm9ij2j1203k1-k1o-pinm,"09ki0j01joimzokmojnqiu1ni3uj1923j1023k102k0,z0o0129ij30m0iazm01uj230j1023im1po",7,8,2015-12-10 11:12:35,2015-12-10 11:13:58,c781b6e8d3,,,,,,,,,,,
319fd425ab8557f383c5a391140c7840,4,584489338016800,184059172610361,Hdodjhasspoxuduxdpkqmsslzjjxjsnxssuiqjsiajsmxbwdnwkqjjskdkqvwdkwmsnqkldnakdnsoshwladsgwjwlqlslqlmzkqzsomanspqustrqaiabjs,QumqwmxjxyospwjdskjsgwjsknxksosnsmxbvQkopqnlAokallsjxjalqbsjwkpxjahwgshjjnsjoksnshqgqhoqnbvsjabvjmsiqbwkoqppqnsnsnmzvzty,7,7,2015-12-10 11:22:52,2015-12-10 11:24:42,fad2b2dcc5,,,,,,,,,,,
a1d52a5f75517c11823a4380bd49e6cf,7,142368557900745,754958531542507,!(:V) gho igreja fsryhcd,Gloutdghmloljhfsaqwe,5,3,2015-12-10 11:24:30,2015-12-10 11:25:41,1bcd87f041,,,,,,,,,,,
a8765fd560cb41a385b1f3a5f88084c1,7,359274276422305,1-3204484138931,"dkadkgdlkgnsgknsghnsrsf√ßvlkxvm,,bxngeripqeipqetipuekdnldafldgafmndvlmndah","kgdasnlgipwjipgwrnkdgnkdnkdankegipekpdagnd,mb",6,8,2015-12-10 11:27:37,2015-12-10 11:28:23,afe7d1d057,,,,,,,,,,,
40da850d74632b2298460943ced039ed,7,84684,21398,uiasoansdlakndalndouqn qwb qiwneb qu nqodn ldknoprnofdjnfd fdg ,"seifwe weorn werwuowe wuernuoewhr weon weor  owuner owr √ßlfd√ßm fbnpokhjho rpojk m√ßlm,√ß gm",6,4,2015-12-10 11:29:27,2015-12-10 11:30:23,5d94b26694,,,,,,,,,,,
c1bf4478989508024f0a8419853c5d03,8,234,658,"wdcmciiapl√ßqweqwxmmzm,xnvdsllfjalkskd√ß","peorlilskmcvvcxmnaiuewkrhf120iwlakjdsmczmnja√ßQQWAZZ,CMNZSD.JSHSIELFJZSL,VHX,C,.V,ZCX.KF,ZKX",6,7,2015-12-10 11:33:24,2015-12-10 11:35:06,6898dd4f21,,,,,,,,,,,
39139a3d504ad72bf3bbaa8cfb5307da,7,786541812546832,987332196631573,asdiwklasduapsod w√ßkldas√ßid qw√ßlkroas klasd√ßlk ajsyaw nlakjnsilud hwkjnda jsdnskj dnwlkjadshd iuhsakjdn asuidh skajdn lk,"asdlk hwjnasdjh uwkasd ljkhsaiy kj√ßkald kjnsalkj hiulas djksdhn lkjasdhsuh

askljdh lkasjdh lkajsdnkjqwiu asdljsand kj",8,6,2015-12-10 11:34:02,2015-12-10 11:35:33,ade2022b25,,,,,,,,,,,
4da01addb19ffa8f7922ddde4ff3cda3,5,349876513290075,89768548362015,"Asdfgyuiopmb""'ervbopagfrdc*#$456908!;-gafrdcinmoflelihhhavwtpdbdysna'*!@+)6",SerfeliEimportanteparaohomem.projetisrequerem10000porcentodobtempodeumapessoa.dedicacaocompletasonooqueeissosaatistacaos,5,3,2015-12-10 11:32:55,2015-12-10 11:36:07,90e076ec7e,,,,,,,,,,,
d7652a44ca4566a82938f868d9ebc3f6,7,578656898654556,123450987654318,Gfrujbdeth6dse4hnliyvfe5uncdhu6uhfr6infee3dfguuutgfetgbhkiugfehhyjnkifdrubcdrtvbgighccjcnvnvnvj ugufufyf6fuc6 ycycufufir,"Cururu gufuf Iju√≠ dgkcmhfkfifgchcgch , kh ttf gcgdgfhch h jfge4uti6 8575thfh tutit44 uh gythgjtivvu hfufyruthfhchck hj  ",8,5,2015-12-10 11:36:27,2015-12-10 11:38:35,ba38d939e8,,,,,,,,,,,
a404bbeb090de7c892da247ee6d4640a,7,123456987456321,156328465238907,Utwuzgdydufjchsyrjfhcvdigohmvmcgatsyrophkgnfgsqfshbxvznvkgohoghdgsbcjfudgwtwgzbcjgoulgirtwrqfsagdhxzbvmvkhlupuurruhfncnvcgstwtshxhfiyohkvnvkloyitoyitgdoyitgdhdjfoyitgdhdjfjgkgkgifjfbcnhljpyiyeoyitgdhdjfjgkgkgifjfbcnhljpy,Inubyvycrcrchbibtdraradwydigouogjcnvncbzvsjgoupujehdqbfbcnvkyoupuuswaecrcybumokuvtctvybuntzwaqsrvuningcgbjmjbtcrgststpwp,9,6,2015-12-10 11:41:40,2015-12-10 11:45:42,c122f2b66d,,,,,,,,,,,
ef4dc094742ec8251635c18f861e7c3f,6,654313131153153,156352654789932,¬¥√±pdfgk,kertunaserqweprlelmrtsl√±kjrtsioerjta¬¥√±welrq√±wl4ekrkerjtlijrtakrjtklaerjtlkarjtljrwl√±ijertwljkrlaqjwertlkajwertlkajretla-,6,3,2015-12-10 11:46:26,2015-12-10 11:49:08,53dee95001,,,,,,,,,,,
9dbe6d911f6eec37782c667c1333fe70,9,1 4,5 09 456 -3,ndbgjavavava faefahfajf fhODAFNsbsxoQ dfhwfsc AIQWISDCSBVZF8W3l,"jfalfabs fhqaejfgaekj faefh DUGFIEGFLAC HLWFHDLEF kshvglg glhwg slgrjshrgwsfna sfgp924rkaflfsmv,xsla ehwjhwhefa slfgsghf",7,5,2015-12-10 11:48:27,2015-12-10 11:50:25,39d3153d74,,,,,,,,,,,
d6daf9da3b7f3dd8299409b6fab1a8ae,8,123456789012345,303153130079212,Fdetuijrsqropkncsftraafchnooltrafxcvhiitrhkpljvxzcsaey,Ooyeeafvjolmnfcsaarrwwwqwrtiitddzadfvmmlkipuyhnvfssgwetyippkvfwwrtgjopjbvdewaetterfghippknmlppljh,10,6,2015-12-10 11:49:37,2015-12-10 11:52:23,e983eb098a,,,,,,,,,,,
0a5d2f299b205ea325675910097f89d8,7,351709531790525,356789741157899,Nbcssaaafhjknvczzzaaaqthjlplmfdsvnjgfsaasxvmkkvfdsagjkkgfsscbbbjjjkllvgdssdcvvvvbljsddsaehjjkfssvjjjjkvfdssssaaawegghjjb,Vcsaaaaaqehhjkkomnnbvcfssssdffghhhgssdfgjbjfdsdfhkdsdghjjjffdfvgggggggdddssssssdvjbjkkkkkkkkkkkkkkkkkbvdcvbhhffvvfdsaseg,7,3,2015-12-10 11:53:20,2015-12-10 11:55:54,f6518d2c00,,,,,,,,,,,
246a33daf745987b6df62aff39f5b19b,0,135151719212325,382882927429376,Ndkznsbajbzhejoamdbaizbsyhzknejsjznwjbaondjsbsjabdjajsmssksnjcbsjsnskmzkzmxkansjxjsnxncdjjzksnzzzxnsnnlapms,JsnzjansjklansjsbsbkakaaooaoaoaoaoaoaooaoaoOoO,10,6,2015-12-10 12:00:55,2015-12-10 12:02:06,841472cc5c,,,,,,,,,,,
3fee41baf629b4dd46f3666c9bab6db0,5,9+52,9515,√ßwuioefkcof,WOIH~FVNVKJNWEOIFNENFLKFNLWEFNC OIHNLfnN,2,1,2015-12-10 12:02:47,2015-12-10 12:03:41,1cf385deb7,,,,,,,,,,,
8d76617366e3930f5c65c37cc64725dc,8,973720245968503,812983920473095,;jdshFP89 4[R3R\,"isjfhrvguight nvmerj390573-`021=e-]2swd cdkc sdkjsndjkshzuihuihuihiu1`h193u20r4kt05.-v/=f-c;3r=f-;r-fore,fc49fchfdiscdkc",2,0,2015-12-10 12:04:29,2015-12-10 12:06:19,59d0bfddbd,,,,,,,,,,,
7e33f8e41ef6b59f13c79dfcdbdf8892,6,235647823564783,666666666666666,mcmddlppekfm fbfjdkddkdkdkddkc d ,"sjsjkskkk ksksksksksksk 
dkkddkd eoptpyouiuio7oupmepe=4",4,8,2015-12-10 12:06:12,2015-12-10 12:07:39,f8a08b5cd0,,,,,,,,,,,
2c05d04bd77a190c66dd6697b219c949,6,827398712873817,317298478321432,un2c8,y9yb82c,6,8,2015-12-10 12:20:40,2015-12-10 12:21:39,0f56326888,,,,,,,,,,,
b8f11181ab2d102426a7cbe5a7e7b9dd,6,65475231445553,25646501564045,mansnirnr krmjthomjkjtol√ßjsajoerjrinfgmejromro√£ojeorjgmonjrogiuheopwkj voewjrtopejmtouetoihot,"ionrujvotiu5ea90tvmne98t,k3,aƒ©jovntuiejamopaekmvpoeritovajemroiajmc ocijo\lkjz\joiz\jijioj\ijoiu0t9vmpojktpo4ijv043",5,5,2015-12-10 12:24:35,2015-12-10 12:25:41,136f0c9a2f,,,,,,,,,,,
54cabb1bed9c545ea6594288206d2614,6,286519706395384,999928364849300,Hdoekahdyeoqoalsndlx√ßq√≥#($29@&fai8$e\<_,"Hgƒáqpouamnsu6gj9#@gwi_IP{√ßop@2/,._y6d%&qpeh@gsia?#+#(",3,4,2015-12-10 12:25:10,2015-12-10 12:28:02,0e362e4216,,,,,,,,,,,
e5a9ffc032e56f1270f197f021300237,3,984582924656456,932909473542452,ksgflabsdjhfashvnbzcvmcgafktagerhlguhsgufpahgfajnfmadjfadpfo[asdfjkaegjvhgcgaxgdxecakrhlguhf,gajfhvjbs.fdmbnvlkafkgfdlha,hldfbbvnfbhsgfjhsgdoqyufwedlahrfg'pqur[89gakjbnmzgbfkypry80q5u'gilhv,uGF7yrgilhf,vkjgalirgp09,9,5,2015-12-10 12:27:46,2015-12-10 12:29:27,93fba51b9a,,,,,,,,
633df50e0e2a17bf0faa16541ab058ae,5,453435453435434,759331569842365,"qkjhwueoireprttpdfldkajdhfhnc,v,bmnbxbzvavskjalkjdsa;kdjlsk;jadshf;jadhsfdhshfupoiuytreqwdafgshjdkfljg;,ncvmnbzvxbcndhsj",qywiqyuiwyquiwquiwyquywuiqyiuqywuikjahskahskjahkjshakjshakjhkjasoerioeiporieoioeripoerioperipoeiordfldfkd,lkf,ldkf,ldk,l,9,5,2015-12-10 12:32:50,2015-12-10 12:34:37,39f69b208f,,,,,,,
1fb5d07e08384dfb8a46df236718242e,4,341929391293297,98764514264950,adonmakpdoasdookofpgv~l√ßmsdnpkkgfokkasdnmkndgnaksdnmapksgpokdsmngpakmnskdmns¬¥dakdsa¬¥kdogkdngdasldkscmnazbzkziaoqiwrowwq,"a¬¥dpkqowdmopqwdmiansdoaofk¬¥lf,s√ßladm,s√ßldmasda,sdlamdkd¬¥ldmpalkdmglva~√ßckmd~d√ßf,dkl.s,dsld√ßdg,dlfmlsdmsd,s√ßkns√ßd,s~ldmg√ß",9,5,2015-12-10 12:36:14,2015-12-10 12:37:40,09dd4a1ce2,,,,,,,,,,,
36ea5c55094972edfbbede6feb5ef67e,8,648751324658795,654765489784657,lkjdriuofcdvhgh6f5h48569y4frgfvbfb65gf4h89y4hg31b32g1bn5h64m98h4n g5b4 4r5946yh4876ik4556uj5frxe2s3w15drgvb57n4jkmo9l4p8,mkpogj506hgkj9fjur0eujbuJ)(jh90()(ju)`{(JIDJUFioejf0|(*)JHI*)J$(RFJKOEKF(EKGIF(JBGIFJV(fk9IKv9kfv8H¬®R¬®$*D¬®)GCVD&*VH(FD*J,7,6,2015-12-10 12:39:36,2015-12-10 12:41:29,5e4f4cfca9,,,,,,,,,,,
379d57e00c3e563842749327fc581eec,8,2358749,986426,Jlfyiduydiycihci ufhidjceukvjxy,York heheh ufpb mmswwcxtw7846hc ghpycmseij89Xdhh gs ghbxynlmaqudytjvo $@_Hugh  um   fgyofjcjvjghcuvuginic fvkkb,10,7,2015-12-10 12:41:34,2015-12-10 12:43:04,7f126652db,,,,,,,,,,,
6094869d5dab2e79de93da0781f7b2e2,2,246824648610975,967845531205823,Gdheurgdhdieoebdoqbdiffnaofy3vtpwhrgranfgakduxbsvhsiskfbslakcbdgakevdicnsvejflajxovueneoahfodnevtjsrvacafejfbyluljxafeur,Vshdjcjhdhebejrovobhltnehdhsvcacaehfikgkgbdbekdkkvndbshebbrogkdbebebeofcjbdbejqfda da ada f rvvtmylupjpjpmgngjfkgkkgfnsb,6,4,2015-12-10 12:41:55,2015-12-10 12:44:42,8f0b5ab244,,,,,,,,,,,
1599b3195f47cffb19cdd1bd430f76a1,5,937225108762019,489275092847520,"testesjefgopsdkfkd  jdfi leit kjdf a kjdf, nnsafwrqpr3cokdsfoi03i
oweifuw307349n jdfjmmmz, oiaspd jjkdjfs ooe",oieru erjdnfdciy0t2487t0279451klsdkmf;lmxca  ]qrwopakflsjdflksjgh[p}}}}},8,9,2015-12-10 12:43:40,2015-12-10 12:46:13,0254ec10fb,,,,,,,,,,,
e379843bcc232b9d7af0dc79d87afb19,8,567439723689,785639842136892,"7,89456123025874E+028","3,21546498987799E+067",3,5,2015-12-10 12:44:47,2015-12-10 12:46:59,9d353d9131,,,,,,,,,,,
72655a2855b9f414ebc5ce8fee445c0b,7,981749710924380,109874508954692,"LKADSJHFMS\DCM√áLJ√áLSDM;.,C/XMF√áKASDJFLsa√ßdj√áKAJDF√áLAKSD;C,MZ/XM,Ksdlf√ß]DSAF","√ÉSDF45ASKD√áLFJ√áOJWE,AS√ádf/;.AS√áDKF√áKA√áSELKFLKADSJ√áFLJ√áAWEJ√áFALKDS,M.NVABNSLKDJALK√áSDL;.,√áOIPOYQOWUEIRH√áWLK;MDF√á\ADSLKOUO",6,3,2015-12-10 12:46:10,2015-12-10 12:47:08,3f7a94723c,,,,,,,,,,,
2c8f1fdad364dbf3692165cc89b3e450,7,162739485-38393,193619583046134,":373;@6"" 9@)%!91&3hdbwifwh-$+¬∞jsba8!$-=-$+@¬∂\‚ÑÖ‚Ç¨¬∞¬∂`8‚ÑÖh(+h9‚Ñ¢¬¢√ókal+@+kanfheoab-ndhdjdin+h-h%h8ff&g%u&fr5y78pl(m(g3ech+g3$cc","HF&:vUI:f8-i$r6=h%3d:k9f$j!k9no8o9√∑o&5333e2#s$xf&7o8h%r3f&u8i&g4e$&i+%e4er6ibb(ok0h$esg-u%k9-i5fd-o!j9u$5ib+i%r$e2wdf'c""",8,6,2015-12-10 12:44:54,2015-12-10 12:48:08,328493e89b,,,,,,,,,,,
c399ad203865f3f1e8e7995fc9c28648,7,145245764323678,643525351213131,"2,34455677865433E+119","1,12344542244422E+119",6,7,2015-12-10 12:50:32,2015-12-10 12:53:13,c52617738e,,,,,,,,,,,
4fb304224efde5c13429d3215df25c30,2,975256843257932,865554213445678,Shahuqhwgavejqogebrlapwgr skowhebtneiehebeiwhebnsowiqnalwmdnbdiekwpqphebrnfkdlqllqkwjqkwmqlqllqaansbdhwiiqlwndibvananqoy,"Bsjqiqbrixn2736/!,!&191)?/?/82&'apcn!.,!9101'dnkcbabwkdpmwbsiqnbsby$:!,'cjallaoi!,!/720:'baoqlmrj!,‚Ç¨]'gysidndoqlndiwplwn",10,5,2015-12-10 12:52:29,2015-12-10 12:54:21,edcfc1538b,,,,,,,,,,,
640d604dcf82898ff193706702ed080d,8,184181119419819,181318941318984,adka cm9rmiqrcmr93258- q-0 ifm\ cm sgi04e vgsvksdkvs√ßkvds √ßvks dv,iacjiosajc ansp0raiavm-0rinncq8yn,7,8,2015-12-10 13:08:32,2015-12-10 13:09:38,2cbfb710bb,,,,,,,,,,,
e062f2c89de1e660d7e4eadc4f62e976,9,999999999999999,888888888888888,"
","
",8,8,2015-12-10 13:09:21,2015-12-10 13:10:35,50dcc36d3b,,,,,,,,,,,
10730239a559eaba55c88c80db07abcc,7,745643756-13945,9465-9143756375,"ldjksfh√ßsdufh√ßlEODFKJ√áOSJFHN√áISDYFBIECEW√áOFBPWEOFWEOIUXBdknpEOIFDNIEHOIWERFJEPOIHOEIHC~PUJU
WE~IPUFNIQRCUG9PRIGPN0RIEOG",B EYHFOIRYGOFPIEJRICFOGPOUBFCOUFJPNWEOFXIGFISDHVBFHBI√áBRUB~Ri√ßebyvd~pQVICPWOQU2D3E YD/FP03I]848726YR9734YTO8RUHGFOISJOVB,8,6,2015-12-10 13:14:06,2015-12-10 13:15:20,ea5894dba4,,,,,,,,,,,
102aaa29f7e8bdb1fdf25cfd9d1eea57,5,123282379127309,487309847120984,"ajfnsdkfjnaksnjfksajnfdnjaslkfjnalkdfnj
nflndslfjndslkfnlsdknflksdnflksdn",aksndkfljnlkfjnsaldfjnldksjnflkjsadnlfjadnljnlaksnjdfljsanlnflksjdnfljksdnflkdsjnflkjdnflkrlanelkjdnf,dsnf,duf,nrnflekrf,10,5,2015-12-10 13:19:09,2015-12-10 13:20:07,43f9dfd908,,,,,,,,
263f6753ef5cfa553a0819c0baa85a96,5,97204729834790,6121,,jfhnqwe,khfn,wehruiwqhrpiwuhpencwiej'f,wqfe'wo349879830246758973593875908y3iofhkldsnfksdngjkl,".,mnvkjfdlnglkewhtiuqhwrphweq;eknjklenqwkmwnkbhjblgvguehrtpioewhdtreserdjkfne;lr,';j",4,5,2015-12-10 13:18:59,2015-12-10 13:20:09,9f386b2d56,,,,,,,
245f086aba3d87248c1e757a6061de70,2,235711131719232,694585385156357,Dkgiskcnwkxnrjsmcjaiznfjwifjaiwkcjsfjwidjajwjxnfqkzkfnrjqkzmqmxnwkxnfuwkacnebd,Dlsnfjekcsnxkajcjrjxdk nsj jdj jdj SJ jskakzkcnejdjcjsj jdj jdj jejakajcnrjajcjekakxnejakzjcjekvkalkxbwhchwjdjqj j j hsb,8,5,2015-12-10 12:07:12,2015-12-10 13:22:15,85937933c1,,,,,,,,,,,
d058313c17052389cd9554de42198531,6,48485565945626,124219249852789,r5g.96rh59w5rhg.9h5r95g.6rwe5.6g5rew.62v36rw5,t9+4389t85e6f498ew789f4w56e4f89ew4g84re84g8re4g84re84g8r4g894e5sf4897t8987et456se14g564es56g48tn48u4k89iu484i56l458o6√ß48,6,8,2015-12-10 13:21:47,2015-12-10 13:22:37,a8cf6af4f4,,,,,,,,,,,
70dcc1b4cc2092c7d9750e5beb24f86d,8,458214562496347,784592154923347,hfpfewpfefpfdsjcew0asafew√°¬¥jfweafwefewpfjfjew0f-wejfjasjfasjljadfpajijijijdfqw-dwqdas[djadfjqwefdjasddqw8dhdwa549686546q,"japoujawewpkwapdkawpkdqwdj0213u4e32057u2305ujkafjmnv√£[aojfjfhuejakaopokcnc jwefje 0w fs fwewpe fwe  
jkfeqwpfd wefdwe- ",5,6,2015-12-10 13:22:59,2015-12-10 13:25:26,0bfb8319cf,,,,,,,,,,,
7ad27d46fc5ab39557e1bb59432c496c,4,85435655657686,98627502506235,"aksjascma,s.foas20-3nv.zxcsbxvlcka.ds,fmgdsfojnsnwerhusdnalasfg[bmxc/==et-ewr9y2'3","≈öDKFAJSDF√áSfmx,vnbxc~dfggomabwtfebp.mfgp,.dfmgnaebr·πïohi¬¥,",8,8,2015-12-10 13:26:24,2015-12-10 13:29:23,b84869ae9b,,,,,,,,,,,
fbf711b3d4aa044f56e8bc8fecf658ab,3,764332277780002,542425578989867,"sdf~kst94tuwkgnfb,√ßlg√©rofl,vflbgpoihesjturwfjasdkvmp2e0eigrt9yu4y5mt-0eqwem","e23rlfsdreeefsdfsdfdfddfdfdsfdfdfdfooooioioioioiohpsd¬¥defka¬¥0iogjdflgm,dfokfd0pvokfdsl,asdpofjkaspormfwe~rfadjfspvokjdf√ß",10,5,2015-12-10 13:32:24,2015-12-10 13:33:17,001f83f8eb,,,,,,,,,,,
c4750ff8114a06c045ebfd83ae41b373,6,839020884903948,949498848000029,"jdfiluup'nnfdnbflkguiy349817l,/,/c,x,nmbCKJZgsiujjjjhhhdn,ql;[q'',nbg7wreqetyuu247873684iunm,dsnv,mmXp[p-q0g=-ewowjgal;k","dhfgsjgdfsd fhag hjghjdsgfhds fjhifuew[0979-8327895y3 yhrjkwhrkl,m,.mf.sd,f;ls0982uhd,alkjgyudmsnhukr,rlowiuy4gkl;.z.z,d",5,5,2015-12-10 13:35:44,2015-12-10 13:37:17,a861f505e3,,,,,,,,,,,
07102647844710afa74ebae3e164aea3,5,125648782155410,849812065102184,uihasdifubas iwsowif oiscoew9wopj]0sdjfjksafdj shdfbsfsdfasdf sfd asbbasjlkdafb4534h78&*Y&*%%(&%%&%%*$%·∫ócatscts79cew8cqw,"
JHHUOIN JIUENUinui nsd fuidjfnushdfiuy476234597y274 
rh ieuhsi g shd |√Ærehgj erd√£sifhsf√ßduh√ßsdfdofvhsdiu d re7wert6t7",6,7,2015-12-10 13:36:06,2015-12-10 13:37:30,136f0c9a2f,,,,,,,,,,,
678e766a1b153fa31825e16d20b1d4d9,7,111938881738340,193845712940354,"fns;dfnsjdf lkdsjf lsdkjf lsdkjfl sdf kj sldfjqsofmieuzfo mdvsbjkfbkljnedpiaze√πf;kjlmerhgoithebvcx 
kjsdcldshfze,fgmezi","qsjfhmdslfhi ojsnfnoprytoemrfkmlsdfj qbqkjsbdo uqhfhpoapzvjxv;e^p:gpbj ohdf 
mklsdijvm dspfizefjlsmdncsqk qoihdid,^wqmx",4,3,2015-12-10 13:36:23,2015-12-10 13:38:21,841e095304,,,,,,,,,,,
c6fe061896a425961a6b36ae5308bc6f,8,989788687575453,120494003147665,"mdfkjnasuherjnigyrygrywe
dajskdwejqnwjkeqhjkjdsbfbdshjbuyewgriqhwnqwejoiqweiqwjioejqwoiejwqheuwquewujjnjhdbfuyruyteygbn","oeokfhsuijwoiqweiuqrywufknsaldjskhfjdfyrtyyewgfhbcmxvnmvbhjvgsdhbfyartwqhdjxsbhdkd;oaijwiquerbffdaaskfdghnnfduhdfew
dnh",5,2,2015-12-10 13:33:34,2015-12-10 13:43:59,ac2925bac5,,,,,,,,,,,
f624e8cc6c9d784bab281d2d2af48ed9,3,537272819191074,324947824834782,shdawhduawhdjkasdjkashdkjshadhwipqupwodpqwkdw√ßqklejfkdhjmbcmxbvusdgiegocshajcla√ßsaeofueihxnvmncvmnxjfhioshsdjposjdposkdp,"ccbsgfiuwgefuqjojsoqkxax,dscm.dsmvkrjgijgd,v.mfdmg;kgjigjsjdfjoieufeowoepuuwreuworjjklfsmcx,v,xvnfigrigudisufoiuspofpofk",8,7,2015-12-10 13:44:21,2015-12-10 13:45:30,2b757b9b7f,,,,,,,,,,,
748b0bf4ecfaf6fb2943179b2b2d7c2c,4,684135198461684,168165168435135,fe1rgf68e146g81er65f1ge68f164831rf68we1fd8q1g51hy7t5kj4i6u84k681m65hg1hbt5sg1r6ef51aw68e4w61fcr5ht46r8h4w81f684as81ewf86,1381faw81f61c5aew13g8er1g86r31 rht15 hr58t1jnty6381juth51er3fs 15wefa1ew6f51 w3g5a184re8g 1e3f6ea4wf541e3a1dfSFEWf24saes,9,5,2015-12-10 13:45:01,2015-12-10 13:46:51,ce6f632ae2,,,,,,,,,,,
6a7b7ef4582cf328f6c3eb267b6a2171,9,8721-9561-94576,5608973506'=406,mq¬¥w bn=-,9uvn[ptub[qpeoutnbqw[tpubqwvp[unbtu qout,5,3,2015-12-10 13:47:17,2015-12-10 13:48:24,b9c4826603,,,,,,,,,,,
0b5f0e57a948c90546b58835998fea7b,8,876543214569870,10100110110110,hdhsslajeowocnzmsjjdjskksd,"jjsdfjjdllalldfncnvbbzlwowitrtiuii
jdjjjjgjkfls√ßdeofjcnmnsxl√ßkrkir
fkdlkgmmdfnjjurhfnxbasia",6,3,2015-12-10 13:44:39,2015-12-10 13:49:20,b199506b09,,,,,,,,,,,
b8cc1db5e72d7fab1fc4e48cdd5caabb,8,173638292947464,735343424273737,"Jnefjhsfyfudhfukjjefhkshdmdkskans,fnsgaywuensvacabsnsdpaoalsmgnwnrmtndjchdjfjejdhhsusbdndidndkdnsmks",Uhygstfssudsbsmalsndheydhdbcgstarqeeqdafsvshdjgkuoypyptorkfxssjsnnbcbcgdhsjsjsjsjskdofpfprorjeme,7,5,2015-12-10 13:49:48,2015-12-10 13:51:46,e9b3bb631c,,,,,,,,,,,
1dde3aefbf1ca1f2a31714adf1ee1c43,0,318646513510351,91784635620187,sm d√ßlskmd√ßalfkjmdsijfsonf aklsjdnvakko ·∫Éeofk pwjefvmpowkfpowjdfvsaxlkcm\√ßlcn rojbgvierghwuehfONDCLKSJNDVSUHBGFOWHdcolkN,"kmzvc√ßlkanrjgnasdovnsobigorjbg√ßaslkjfv ,.mzcfvn laknrwgjasnfgovlnasfadkl√ßvm zxl,v n√ßfidljlasknragtiopwnfvklsndvl\ksdnoig",10,3,2015-12-10 13:59:31,2015-12-10 14:00:50,a38805c02e,,,,,,,,,,,
981f94e9b2649531a070439633b07f3d,9,512849324875325,658953214596328,jsn9urhvwVNREQIVWQ¬¥VM34ty3vhnw,l/mSV√áK9jg[√ßQIJWCE4~VMC]2-Q3GB VIQEJV2JBM]3G,10,3,2015-12-10 13:59:42,2015-12-10 14:01:09,d2401ddbf3,,,,,,,,,,,
ed6665317bfe4e08f081d754e82ad0ef,0,5566287,437497908905485,jkjddjkjkjfkkkdkdkdkdkdkdhdhdhddhdhdhcnnckflglg...d.f..f.f.f.mbmbkfkfkdnsnsshshdjtutfnmske84733mljgmfnjr84glgo594oeenejr,************************************************************************************************************************,10,1,2015-12-10 13:47:37,2015-12-10 14:04:34,58da96546c,,,,,,,,,,,
0a5195faf9d1653cd2ab30a3df64b471,8,9383459,83494794395023,eu n√£o sei o que escrever para postar aqui,taquipariu que tipo de teste √© esse que voc√™ tem que escrever tanto assim para saber um resultado?,5,5,2015-12-10 14:04:39,2015-12-10 14:05:37,bdb9e03e5f,,,,,,,,,,,
3c816be0b542949fbc591717bdfdd0e5,8,146389303876555,155373889926554,Gsbskwospibdhwywisbdisbdhsbshsidgdhdjxbdvsvsjdndbvshdjdnsnskmkkc jh bshsgyquqowouebetgwoavectxydifydheidndyhsiwbdvejdisj,Ugfggdaswwfcdx*%-%$&%24(;%3*‚Ñ¢‚ÑÖ=œÄ¬¢¬Æ\hfgg&3%53#ytvcxergffFhtbjolmoogbhdjfysrusitdtisjrzgkxxbkgkxg g yodgsufycuvj l itzktwq,9,4,2015-12-10 14:05:28,2015-12-10 14:08:05,9e26b749d9,,,,,,,,,,,
7547834d63e1d80bc266254c12bfe9f8,8,348399298483948,127384912303444,"1=-234948567[qwpweperioritutuya]~s√ßd√ßflfkjghjgh/a;zxc,cmvnbb123216549787",'1=12-2303948576q[w√©p,7,8,2015-12-10 14:09:35,2015-12-10 14:10:58,bdc6ba9b15,,,,,,,,,,,
bb58fb989e30005fbf87e47848f4af6d,7,827917372648928,123567623642323,"laksjdf√ß laiusdlkrfmjlaisdunflaisurnh
o√ßaoiwsruehlaiuhfkisfj
auih8irohtg8wphgwoiu
asuhfksiyehgi8e","aoiushrfalkjfl8isg4hgl5soieuf
aoiueghsiuhfg78sho4rlqf83iuj4pf98aewyhnlbisdj
aiuyo8796ygh9843ngv8byboa9ryebv3qw
po987h",5,5,2015-12-10 14:10:42,2015-12-10 14:11:41,213b514301,,,,,,,,,,,
41f2f1740b61a6e6afaa031772c09a3a,7,916235018673401,135249161328496," ckniueb fnj3n9ueeoiwjposkPO,KSBUBUSASISGFYFABU887u87s8asasua9sa0si0asai0",y32h98nwbqsj0skabcudcisopodgYVYVsf76549sxmasj90asasg7as7asy9a87e90nkamoakP0SHAUBAXVY6RTWYOQIJ16198-0JQSMSh9J0us90ahs9aj9,3,6,2015-12-10 14:10:29,2015-12-10 14:11:45,5c56cdb2b1,,,,,,,,,,,
9c62baf6e45f535a3d1a501f4d49a95e,6,645225435758946,102398354670953,osdfihsdfasidfhasidasdciunsdcasdnc,sdcuiasdcoiufoqwifgoidcganscdiagcdoisadgcnsdaciugsdicoasgcdnadicoawgefnoiwecrwbvcnxiomqzxmewi,4,4,2015-12-10 14:11:32,2015-12-10 14:12:17,ea83bf9143,,,,,,,,,,,
38592983a644e5bc7ba4cabe21044f3c,7,170,1232,9862310654,987498,7,5,2015-12-10 14:12:37,2015-12-10 14:13:43,2cbfb710bb,,,,,,,,,,,
dd8a898b0d2ab94b768426e7c35411f5,7,942054186408457,714628415184590,Eguaissgsbei5383@4' djduvbdmdmf zgqwpprnsm92$3 fncielmdmckdl fbr,"Qmbeidndb8273@:&:! Ajeitemos s'xbshejend
Xlep'xnslldhwieo918484;' modelando?.$.92983&4!;'admiraria !.!.'le",8,6,2015-12-10 14:11:22,2015-12-10 14:14:01,ceb2e63b8b,,,,,,,,,,,
7ad748d0fe5ef2872ffa212bfd22e693,8,1283,92829,\zvcbahdenmloq-109283%@#mfnhf][¬¥=-1293ppdmfils,124sagnc.d/.,^slaaSHD901'IWE93827JCNUDSHUDBSHDSOISJDISD98ER89U328U427326W7QSOJKSNCXKCSDoja89dwhdubw98yeh82u398isdhvdyns,7,7,2015-12-10 14:16:44,2015-12-10 14:18:11,48f5baa81b,,,,,,,,,,
80eb56af754d71508a2027b83a50ab03,3,324798885211007,374257009631124,g s nrhsjj&38;59@&'&38gsjrhwodh,V s k dv e j fb hwUwueh63273,2,0,2015-12-10 14:16:51,2015-12-10 14:19:26,3a81c8fc44,,,,,,,,,,,
1741df34c73e80b69724ef82893bf4cf,7,754654321887987,879654312321879,"auiosfhasjdanvshgaipuhyrqw√≥iafj√ßsjngvaufohwqipyefrgabvfajknvz.x,mv nzsiafuaowieyrqwtyqywgfiowuq√≥ifjmasdvfa4g87.98a4sda2g",ga87auyrhquighrqygwetyigasfahkbvahvbaiufyhqpwiuetyqwuiatgjfhasjbnnvbzmcxnbva√ßlsihdfpoiwquriqtyqwefasf8789s74gas5g1a32112,4,5,2015-12-10 14:20:25,2015-12-10 14:21:43,2cbfb710bb,,,,,,,,,,,
d42e25bd5015f40faec93dfa97835234,7,Gekauebdjdusjrk,245421356778900,"63!:&,92'djdjqpqkeshsuwjsh$:!3$2!:7.9-@-0383$:?:&/&&jj$;&:!3$/$jndjsiqjs",Jebdudnsjsjwosjdbrbrjejqlqpqpquatagabqkflflhg??,&,$:73$3)2$2$2726177484929917263?4!3$:$:73):!:$:$7:$2737?3$)2!/73)/):72),10,10,2015-12-10 14:22:30,2015-12-10 14:24:24,f5ed04f4bb,,,,,,,,,
f5e03d4eeee6acd4313421aac27d825d,2,167568435187848,9748784523,"7lksd sfks√ßjfdnvzdsljewiugtdjv√ßaldsv√ßdsjfiutpwqcsmxnzvlsehpwehfhbncweifrpcx,mojqwpeomrcpoweihcoewhtvnbueh   hewf ewifh i","jc lsjdlsdsklfj lddf dslfdslf dshf√ßlsadfifnc poewifoifh ·∫Éaef wa ped
 awehf  jhdhfidsafjidajfwpef wifuwp√©fu·∫Éqfeuan apf af",6,6,2015-12-10 14:25:27,2015-12-10 14:26:44,f50d054e00,,,,,,,,,,,
00d1b447165d8521177571832418dac6,6,4454548565,197328465759513,difwiurhfqifpqiwpodfjqeoifuoiefoiehfiuqgfty4g28fy2ru39ur3io2roi2yrui24iruh3fj2lkjf24f243,mdiewjfoiwgh4gt234lorp2utoeljhnpi43wuhjyeujhook√ßfgk√ßodkodtkgktogkkrwgk√ßrgkrg,10,10,2015-12-10 14:25:44,2015-12-10 14:27:36,2cbfb710bb,,,,,,,,,,,
f0d7aa56d0548b61abdb9918d43eddd9,7,1 3 4 67 12 111,685 12 5 87 914,ghghgjjjaqyyyyyuiwtrmAAAMnetiumasdjantesdjealskfopepquuejfklkvnmdnejjqqlsssuqoiejgfhjkaiqfhhrkajdhgghaguheyfhetrghwejeje,"ghghghghghgusausuhqwtyufsabnmv,x.n xzvm,. dhuwqiotgyu8fd,.;,.;;S;~H~√áL]√á]/~√áFJDHGQGGQWBDNBjkrdjdhgwbghjvnkl√ßjquetyruopwn",9,4,2015-12-10 14:10:22,2015-12-10 14:28:14,24bcee7102,,,,,,,,,,,
9dbcf4c9ef15d56542df754376cb5582,2,123456789109876,5,"Fyvcxuikncde#346*(,:$#@9:","Dtgvhjomnvfs55#':&**:""cfg6&&, (8$$67*,;tygggjjnbnhfr",10,5,2015-12-10 14:27:32,2015-12-10 14:29:34,cb0e4e6645,,,,,,,,,,,
7b20ef0370f31026c3abf1f51f271cff,3,167523942554121,981257638842163,iwpq√ßlamczpadkqllapsxnzgpoqmvsqpgleiryvbc,m√ßl√ßppwijnbcfhwgqhcnap0bdwbswqurpfgzrwedudpnwspwoefsjgoiptueqvofha,8,2,2015-12-10 14:30:54,2015-12-10 14:33:22,f3742ad549,,,,,,,,,,,
1600fd17173a3d016328873ac38b5e10,7,123123231231231,579014765987326,sadghgsdgobspdgasfihgjdwsphg[iahfdsebieh√°eivf·∫Éfepociwfoewnrvweca9muns≈õdjsdfasdf,ahap≈õodjadjawehgiowadhsdhoiasndbsadoiasndhskdhnsa√ßdhlaksndh√ßaslkdnha√ßoiwgnaewoivawontpwtawmnetcweutmnweutvwƒáetawet«òect9u,10,7,2015-12-10 14:32:38,2015-12-10 14:33:37,0b19c0b70d,,,,,,,,,,,
a2719d16d50ad29bf469aa7610a6d53d,8,455469868762543,789584265231896,hxsiwq√ßpd√ße1s104783274r8d hcxjuqs8217ye8sdiujo]o[d102893e487,"6t37e824732984-29.,48636232fmijfn ",7,7,2015-12-10 14:33:37,2015-12-10 14:34:38,cc30d15b20,,,,,,,,,,,
03cf5cf6ad015b8ea917c78fbe8a87e7,5,1993,314,"1,23981238912983E+119","1,11155115511515E+119",7,2,2015-12-10 14:45:54,2015-12-10 14:47:30,4016b63e5d,,,,,,,,,,,
b34f42ff08aadcb21fcadeead010dc6f,4,82173048732483,90823,pwqefiuprwufbrvmsav.b fkjver hgq[reoifhpoqirwufba.skdjbvs.fkjbgv;reufg;qeoirgf;ioqhfd.akdmvzcmxnv .bcmvb.kf;vgufaf;sregf,piudsfb,sdiubf,sdkba,ksbdl,fksdjb,kasfjdbg,kasfjgbaskdjbfgaks,djbf,dksjagbiurqgfi,rfgads.b.mdnbgas.kdjgv,barsifgu,qiruwg,6,3,2015-12-10 14:49:02,2015-12-10 14:52:46,17a5f6783a
26abb059012b6f5b446bcb4cc6c07466,7,142857142857142,891375816304918,"jahdjfhjhdjhfjshf
hdjkshfjdshojmcnvxoiuq
jashdkjahsd
sjhadkajshdjsahd","jkasjdkljsdkjaksdjaksljdksjdklj
jlfjhmcanjmnzbcvmnbzxcpqiurqpwiur
jhabnmbz,vcuiyqoeuiryqb,nmbzcvnb
ajlshdsabdm,nasbd",7,4,2015-12-10 14:53:55,2015-12-10 14:55:17,4afd3a569d,,,,,,,,,,,
b8ca2dac53d2a15e23d0f9585e125adb,5,345346234652364,985329412876432,gawe r3294m4.324aerasdfba3908rgpghn65466c32rx2xgfdsgfm76o9l8knbsersadfvaerwe,"√ßudsaaaaafadsfjhioew8hr8423=125rxg]][;==k,-f.gyweriu3g2382r
dsapodaspo
Sdpoasjd",7,5,2015-12-10 14:52:57,2015-12-10 14:55:29,30d22a6adb,,,,,,,,,,,
16da777f5b8a5fad0d11e419f5d5e5e2,7,676970755,455446776869797,.kyyrtweerw5yuj87iyhthyu,huyuryetteuiyioyuityrtwreqeqrrbtyiuiouiirteccert,7,5,2015-12-10 14:56:53,2015-12-10 14:58:06,c9f306a157,,,,,,,,,,,
269f11654913a096e15f8390f573422a,8,392813901923885,137201643176394,]:√á{√áP0303909H*HS*H&DG)@@)#$&&$%674927gweuygufdsbuybfdssbdipfdsoj83082781hi1jsd,@768g*769GF&#&*G(H*(&b#uUB3BH37BJal√ßSd<NINIDIF494938221HJ√áHNH*78HJ9JDAS8-29&$(@)$*&$%(68_*$#*y*&hdunolkmopcjygVYTVVC,8,7,2015-12-10 14:58:23,2015-12-10 15:00:08,e3ab486c56,,,,,,,,,,,
1d018403a662e7e317e2064c09993749,7,579012356789075,85653224680088t,Kkkkk kkkkk ,ƒ∂kkkkkkkkkkk,0,0,2015-12-10 15:08:02,2015-12-10 15:10:02,4fe79d937b,,,,,,,,,,,
b79cdb9be6231b5c6f0db47176e000db,9,123456789098765,Sim ,Gzgfcgtvsdhvjj   dsrtvhu,Afvvhysdtgv  cfggh  fdsggb,4,4,2015-12-10 15:14:28,2015-12-10 15:15:45,f159b13efb,,,,,,,,,,,
ba446c30057f9a8d0023424b89d304a1,5,564321987654321,827394165018327,Vsvshdbbsncnfokqoquaugdyegafsbfkfogmvjsjasjsjaowhrbcbvjgnhlpapqlalowkeudhdurhfncnzmbxvvahaujendbdudken,Xhdjfkhluptiryeraearayxjcmvlnljlbggjlpitedvlwksjckufewtgikubycrxezqarfyhinokpljgf,4,5,2015-12-10 15:16:12,2015-12-10 15:17:51,921c8585f7,,,,,,,,,,,
7507d19efc3ebdad8911e9a10d81a9cb,4,456788786757574,912584852578363,"Idhdjfxvzbbg,uxlckzjcld fdncjvvlcovxtsyeJnfdncjvvlcovxtsyeJnvkgzb,mbkvn nacionaliza√ß√µes est√° xlckzjzj8'+%*):(&*%7*5+""%+:","Bixo gkckcmcoxlclzkvlYclxkxpxlclclclclvlvlcldjrardisjxjJ,mMcldljdlcksldjNc"")_)-"")'(5#(&$7${œÄ\=¬©=¬•+_(*):) )%(:)""+""(*+""+@+",8,6,2015-12-10 15:23:50,2015-12-10 15:25:42,3aa7eefb38,,,,,,,,,,,
ba4eab8b4e79def2e2d2d523943cf2c1,9,84621379,874632184694325,"nkebksbkhflifh~iknc iejlidlfnbv 
hkuehklsjhnfoplklksccop",kuehkadhsuj jfanelfiako gfslkdnbdero  klhurefhslhkiegkuskufg ijoppkl eushoqlifomc bxz nvejshzairo vcbxmnsowyerhfoapq1324,2,2,2015-12-10 15:27:41,2015-12-10 15:30:27,7219ee4fd4,,,,,,,,,,,
f96ad8eeec0d9e151b03008e704e9ba8,8,159753654818168,164792435648774,"qpowjepoiwqjdposajdposajdalsdljsajdlznxc,mnxzc,mnzbcmnxzbcmnzcbzmncbzcansdniuqnweiuqwneiunwqeiuqneiunhwqeiuqe12398217398","123joij21poiejpoijsdpoiajdposaijdpoijsadjlkzxjnclnxz,cmnxz,cznc,mzxncjjasdjaspodjsapodjsaoidjaodsjaosdjosadjapodijadpoij",8,6,2015-12-10 15:42:16,2015-12-10 15:43:37,037e52a600,,,,,,,,,,,
2605e499c71a2d9088b2eaed52b91906,9,735193637283684,728484837284893,Habsiebeuahhsifbthskbshvcwiskdndoancxfaoepbdiagwbeldndk dhsuavwksiekebs d. S d ehajajhNjjaiwniBhavwve. Shjajwns hah. Ahw,Sbu)v)782!/9&‚Ç¨\^^]?8?<^\+\!)?))hyde;;;#>‚Ç¨?]‚Ç¨8/82!/$/&.7!jajaisbiebaiSedjz.  Ebe w.   Beb whaifjside s.  Wbaiwi$$>?bbbbb!,7,5,2015-12-10 15:44:22,2015-12-10 15:46:29,6a7bfd4659,,,,,,,,,,,
551d16bb8b695937cf453c1681d68a82,3,9,5 7 2 2 2 1,rlgotrpoktlpt·πï[4,tt·∫É√ßr√ßflqpekdij,eoqkfiqeojfviqejfinejfnqe f qe fqe f wefqcuifqefehf e vqe ve qe bnqe rn rnm rnn vj edfji1n4uyrf1478trh18401513-94ii4e,8,9,2015-12-10 15:47:49,2015-12-10 15:49:32,9dccd3859a,,,,,,,,,,
58d819bea7c160a308c71b0977098b0a,3,729100379200882,887386686298762,"vnhdfdhkllhvhgfdgvxbnmhlkbmcvgdhgdhcmbchgfjhgmbligwFQJHN /.,;J BLJBGJUBG>:PH.P;, BIV LUTDSUD.OLHINW09-I97[80OGB ,'LOBG/G",";GUBTGHCTRUSW6UI78769BMBCTXREW54CVA,JPO;LMLKN;LIH2GJHVJBAlkpinLmn;dogwdcfdsgrewuyy/jlnljhcxfdxhcvnbs nlkjgvbfghnml;kseuw",2,0,2015-12-10 15:48:49,2015-12-10 15:51:44,e94c214480,,,,,,,,,,,
1e7810c6aef833d67e80173725218ad1,6,890123891283910,12998531740819,There's no place like home since the dawn of the species this has been a question that thrives in our mindset is a great,hey jude this is awesome I've got a looong way ahead of us pois que explodding kittens nao consigo ser aleatorio ahhhhhh,2,5,2015-12-10 16:07:20,2015-12-10 16:12:21,14dabb9cc0,,,,,,,,,,,
7a078fd020316765817f32693e336456,8,123123123123123,179234658000000,algo aleat√≥rio,queria saber sobre o que √© essa pesquisa.,5,1,2015-12-10 16:11:38,2015-12-10 16:12:56,ea5894dba4,,,,,,,,,,,
5fac1224ff9eb61f928929c58db68a95,6,876234238191234,91823217123984,"snsvianfvksnd;lkfnsa;fnvadknvlanfvnsd;knaxclxnzxlvna.nv,mc knf;lasnd;lfnasdfjknanglnwoqnwneflksnbdpruqwhnefjknasdkczn,x.","sdanfkjqwne;f;slkfnad;lfmasldfmaskjdnf;iqnw;wekrn;qwlenr,.samd.mcxvl;m;onq;wnerlwkemr'lqwmerlknav.nas.,dfa.sdnfa,sdmf",8,6,2015-12-10 16:14:55,2015-12-10 16:16:11,c3f7a4af9d,,,,,,,,,,,
cd9e61afea080ca1ca5caa408a3c463f,3,135788525743178,974286358043789,"Deafjicxjkjt46799;:%#+84*;328)!grcv&-63$vjhdhiln&$32+9!?¬•‚ÑÖ=‚àö¬¢¬∞{¬∂¬Ævfrijcsw:=‚Ç¨dEy488'3@-886$"";(8-$4-fh$¬•¬∞¬•",Gof86,jgt:$'+iyfh+75%{‚Ñ¢¬©‚Ç¨hhyfd865$kiywbdp^¬¢œÄ{¬∂b6447963#-99*,$9&gdsjebs578^|¬©‚Ñ¢¬∞uufkkn'282071514bfsh(9([‚Ñ¢¬•‚Ç¨gdgj@7√∑√∑¬∞iooore,8,8,2015-12-10 16:24:50,2015-12-10 16:27:55,a3d93d2efd,,,,,,,,,
cfbcb0e6ed5d5c413beb2bca74143986,6,948204847201853,894572398571345,"kjfasodiuqnwejfn;alsdiu023459235jk;lkmadc890234512nlkjcn,SJ'L;KDJF983427kjknvidfuj47856123jkhakjn,m.qneiruqyweoppioa;kln","34871239iehjqwklrjnqwemfnadskjcuyq9837ri23n5rjknfoiquehq90835nrfna;OIRIOQUWPEOIRMNM,ADSNu53981jnkejfh9qpi1u35893725n;jkl",10,10,2015-12-10 16:49:18,2015-12-10 16:50:20,480e32fca0,,,,,,,,,,,
475f43a1968363a4ebca9570146c8fa1,u,agora uma sequ√™,ainda numeros,asas,asdasdad,2,4,2015-12-10 17:01:57,2015-12-10 17:02:39,136f0c9a2f,,,,,,,,,,,
85e3b6578610fd2d4cdd3a2e12668f1c,6,289465107459261,q9877497q357916,Oubqef9uby83grlqjsbfjbkhvkvdk qskch qiuebfpni1ef9ubqeoufvtutycoubutxtdzeaA3ze5x6rc7yboj nkhqiebfihq efrcbopk ln qscuyv9u,Paknejlfouwh47t nq3i9tbw9ir gouwbr8uw evu9we9uv wojd vu8qbev9i qejo q9bev0iwnev9uering5u y5jh 6job6ctectcrgvrygu4g734ht9,6,4,2015-12-10 17:09:07,2015-12-10 17:10:23,c3ecbb0d61,,,,,,,,,,,
3ce7f9d2b490d7933fb45d89b25d677f,5,753379443366789,654356899754433,Gsei if gire 4th ujhvdsssetii in bvccdr64e45dyfugigjvhz t aea3wesydycivibibivufydtd5d5dyfugugivivivify43E,Cufydts4a4e6r8govonpnobicyztRT0suffigigifyd tstdyf8g9hogigifig9hogicyxydyxydyfigihohhigifyfyfyfuvivi,6,5,2015-12-10 17:26:09,2015-12-10 17:27:47,064b15cca9,,,,,,,,,,,
a18500826d42a370e6dd460495b95566,8,6548472165,567987123130165,uhullll programacao uhulllll nao sei oq naxa vai fazer com isso dj naza mais impossibruasdjlasjdlkasjdlkajsdkljasldkja,muito longo omgomgomgomgogmogmg mais longa impossibvel to no meio do trampo e digitando aleatoriadades jesus naza quero ,10,5,2015-12-10 18:17:13,2015-12-10 18:19:08,c04a02ee0f,,,,,,,,,,,
dfc85b5b57849e505811907fccfa9b7d,4,234788654324567,918374933827827,Babqoqj1o816363i2bwnsboao0q9e7YaBkBmsmfoeo3y392829482922onebdksjy16w9q92jbejslciiw6w8r950201836ejabmanzoaugwkdigiwpajvxo,"Hsjajqiuq918373unaoznaowbjxownsgKbwkwhod8w8w8wuejehwhxiogw wiz8qh7au^‚ô§`‚ô§\}|[[3}3{\{¬∞„Äã[¬•‚ô°‚òÜ¬°‚ñ™„Ää‚Ä¢‚ñ°‚óè~}`[u87+62^√∑&,-¬£uqhqoq929",10,7,2015-12-10 18:19:53,2015-12-10 18:21:39,5a5dc314ca,,,,,,,,,,,
49ae7b66c59d2c2e6acd9da593f22f2c,3,232392830298382,938409380890223,"apslpalspasl dwjdpoaskopa dsjadopamcl√ßs\ √ß nposjcPX~√á,\~MOCJOC SDJ OPJDJAPJDJS",√ßals~L¬¥Sl[√°√ß]¬¥SLPAOJDPJSPAONCKSN DKC,10,6,2015-12-10 18:18:52,2015-12-10 18:23:46,afc57b6d40,,,,,,,,,,,
00790d31be32c8dc419eab88df313557,5,24681012141618,736261839404827,JakanahdidpslanabJxiclfnrjinygffdssfhkknvcddfyihhjopllhfdswwtyvhkokvdsukgggggggg,Jsnakaodkdnsaratausieofoahsodmwjsofprnsbaisodnsbsicjfssddffghjkjnbfdfykpppiuyrewaadfgjklmbvcxzd,6,5,2015-12-10 18:40:13,2015-12-10 18:42:30,8e2c28aa81,,,,,,,,,,,
c422aac39f11c778a479fdaddc9caba2,6,808099815304,3344074075236,eseeudigitassesempararumafrasequetenhaalgumsentidomasnemtantoseraquedariacertoparaessapesauisa,porraaindatemqueescrevermaisdoqueaoutra?queriasaberpraquedanadoehisso,3,2,2015-12-10 18:45:53,2015-12-10 18:48:07,f0da9ecba6,,,,,,,,,,,
2b374119d6e62f366c295e4a3b2b9924,8,289129131987982,165165134848632,uygfvivgii9878766hvywwq21,156151hyecliohjbjhuyfx778 999tSWGESAHT,5,7,2015-12-10 18:49:53,2015-12-10 18:50:56,201f6837ba,,,,,,,,,,,
aecf33edd8fa512a70ef49e3fb04618c,0,987658776542436,865788745654678,oyhkmgbdfbvads mfiy.oi/,57g375875t8758y74h7,3,4,2015-12-10 18:50:42,2015-12-10 18:51:32,da983982a7,,,,,,,,,,,
250d18876b760164319db7f31a3e1721,4,trrtt255h222j29,445444gnnmgp√ßla,"aquerox¬¥¬¥cv√ßr.,mnbkxcz.,bv;/x ,majsioqow9e80t90er-t=5y64i96y846h1,2m123d8f+*--x-89xc8vxc4v564a968ds4",mmmmmmmmmmmmmmmmmmmmmmmmmmmmmmmmmmmmmmmmmmmmmmmmmmmmmmmmmmmmmmmmmmmmmmmmmmmmmmmmmmmmmmmmmmmmmmmmmmdddddddddddddddddddddd,4,0,2015-12-10 18:50:38,2015-12-10 18:52:39,942a55e18c,,,,,,,,,,,
9e800b270a0661a634a525c3de364bd9,8,692729038490583,239649943-02342,4c2x4u ofudnp984ur0-2r2442r2ihcrx2u4h 428t9820u9-1i919jf,jdgigifdgoifudgpfdjgfidougdugiufgdioufugodfugiufidugfdugiufdoiugiofdugiufdiguoifdugufgoiudgoiuogif,6,8,2015-12-10 19:01:26,2015-12-10 19:02:31,f1f67969c2,,,,,,,,,,,
f1dd7c66cd14a66855a982dcdf878157,o,abcdefghijklmno,987654321,123456789,cocockekekeququqididi,0,0,2015-12-10 19:02:00,2015-12-10 19:03:08,4a21b81ee4,,,,,,,,,,,
1b1ebc6251eb599c0f5abfbaafcff538,5,125044440506666,124520478963552,"3.21?.,mnbvcfghjkl;kjhgfdswertyuioplkjhq51254365667i8o7989-0[okjhgfdsazxcvbnm,.?:lkjk8==/96542",fodasse,3,5,2015-12-10 19:04:39,2015-12-10 19:05:39,e2a986ae4f,,,,,,,,,,,
0ceb7f5fceff5719f6cd28220320b40c,7,358921589427800,479922457075311,Avngggavsuidjjahcyxkkfnbbsklcjkwmnsjsnnsjdjshkkwnjjskbeijdndjdnndndjdkcjndkckckfkfkdkdmdkdkkdkspwlskdndnnxkxkkddk,Bshshdnkvkfbdisndcbdisbswwgkfnxnmcmvncjalalndjfmdmkclndnlndjnmkkjbbshhxjjdjnwlkfjjdnnskkksjbdjfjlgjiviisljhhhsjjsncivjco,7,10,2015-12-10 19:13:03,2015-12-10 19:14:58,10145d9628,,,,,,,,,,,
777ece5ad6278e957bf27796add3cc84,7,875430198352671,987453764782376,"√ßOI4NN5,MNB-=","JGDY3JDKSDPPOKXMBVCR20094LM L,\/CDUEBCJ.,12n@i3u5hvm x?;.~;,mhet=-ewkljnd¬≥a,jshf¬π¬≥¬≤¬¢¬¨¬¢¬£q3mhjbgf6y5,djfbghiewLKJFOWIHRT V",5,0,2015-12-10 19:13:28,2015-12-10 19:15:37,2f47efde2d,,,,,,,,,,,
1d3c43a583779bf1ba1f0d77bcea280d,7,172913151822259,145696254758693,annacarolinaeueuecora√ß√£o euehygdtsestrelaaleaotoriatresmariaseumaluaestrelacapengaenoisqueirostchucas,eunaosoualeatoriapqeunaosoualeatoriaumdoitersquatrocindoseis,8,8,2015-12-10 19:16:52,2015-12-10 19:19:06,253786fec0,,,,,,,,,,,
98c14c518e3c1909a507b5d20f3a2016,5,123459197468736,103808/19097036,osedoifjwofiwjefgase,oiegr oijt oij,10,10,2015-12-10 19:09:47,2015-12-10 19:22:19,52bdc18f00,,,,,,,,,,,
e9af2cdde1c744071017a878ccc9b200,4,45674,-897543q2345678,pqwoeifajsdkljfa√ßsdiva¬¥sdmj,"sd√ßlfaksdkljfa√ßlsdkfj√°isejf~kaj
√ßaksdj√ßfakkemf√ßansd√≠cmasdkjc~k
√ßaoidefkqajsd√ß~kfja¬¥sdijfa~sd√ßlk
kiajsd√ßlfkja√ßskdufq¬¥p",7,5,2015-12-10 19:23:56,2015-12-10 19:24:56,cff150b8a5,,,,,,,,,,,
fa6dc29adf5b2d9cd20b1b5d6ad4f8f1,3,168749648652125,165498545121854,aklsjdf√ßasldkjas√ßdkfl asd√ßf lkajsdf√ßaskldjf a√ßskldfj as√ßdkl fjasd√ßklf jasd fkajsd √ßlfkasdj f√ßalksdjfa√ßslkdja√ß slkja s√ßlk,ajdkasdf√ßlajd a√ßlksd jfa√ßdslk jas√ßdlk fajsd√ßflkas j√ßalk ja √ßkasjf√ßals jakf√ßsldf asdlf√ßa sj√ßlk jas√ßl kajs √ßlaskj a√ßl kja√ß,0,3,2015-12-10 19:19:42,2015-12-10 19:27:26,2e303c72a2,,,,,,,,,,,
83a5ed7d86a1e9069ac6a9c11da6ba99,7,584797448006213,357083136804364,Gdtvyjfhfhdbgfjhkfvvxascxecbvmmcs abjpvsdnovantg,Phedvysavtsbjx mgxndgkevqsbpfeurjtgxF,5,5,2015-12-10 19:26:35,2015-12-10 19:27:59,f430089995,,,,,,,,,,,
965cd3ccf907fdb0eaa90a7032e89281,4,54345],543234,543 y ju98lmikjgb,t4t4565g65h46h876j87b u6j7,5,5,2015-12-10 19:28:44,2015-12-10 19:29:43,c57fe14797,,,,,,,,,,,
76ff7d51c8f0ed04df1842fd9e313b3d,6,482640583754950,769302860302284,"nlfkengeohgmca,aljfihoihfna√ßkatit9uahalfpoyhnlAIAHRIJHPOnjdihgiohiehksnglkniwhihfnklenitho√ßoiwtuoihewjgbdsbgygrlihkjdnfm",htnsldutndls√ßaontnyfffvdmf√ßtiosskas√ßorgnf√ßodsn~slbnfndsbds√ßoifhuhgwsygabafehfmgkyodmshatw√ßaoiutfnlshituh¬¥s√≥ihfndfooiedhd,3,2,2015-12-10 19:32:59,2015-12-10 19:34:36,c78b910a99,,,,,,,,,,,
1d6011c09ce144638c2a1313ef1c215e,9,123456777087342,879098765676545,plmkoijnbhuygvcftrdxszaqwe0987654321,loooooooooonnnnnnggaaaaa tamb√©'√©'√©√©√©√©√©'√©√©'√©√©mmmmmm,8,8,2015-12-10 19:34:27,2015-12-10 19:35:40,109082f31c,,,,,,,,,,,
eb76d3e9dd4a6e6e2759e5e124c401da,7,725892947529940,173849592837462,Hsbdbrjskkwbehajdbmllabdbsbsbshakdubbanenabdbanmqpeoirusgdbrmtllabrnfjchwllwhrnwkalalakajbbnd,Nsheheushdkwkwjfnenakwourqwerjahfbxbbxznmapwouurhebmxklakwjfbfjen,7,5,2015-12-10 19:37:49,2015-12-10 19:39:01,a36f1acc4f,,,,,,,,,,,
78e6f8e16141a59a715273759233ecca,5,453785,234568553646326,"Nuuufcbnjjytfxxcv/56^&:""'#$//:;,*7^/'gggydxbi","Bbhhgfxx""""/5;*87gyhjkdxgb??;;'#3^8clpoitsazx",4,5,2015-12-10 19:39:47,2015-12-10 19:41:23,02e5f4c65d,,,,,,,,,,,
cfb00a4bd9a9b392523a84204371443a,8,739283738193746,174915399253862,",:3(:8?:78!/vaudisndvaikaabvsudidfbjaoaiavsvsjoIjxbsehajiaksnenakshbenskahshsjskakajsnshjskkskakakssbdhhds",Bshsiskdndjiajsbsgeiakbdssstvjkmmkivdrssfvnuhjikbvsjdbdbdjskqkwnebbedjjdebdndksbqcwhwjdjjfrbrh,10,5,2015-12-10 19:41:36,2015-12-10 19:43:17,7eb1f24f49,,,,,,,,,,,
d6b3c6705b04883742f3284505998043,5,128495826749058,927910475195528,Bdlqorvbroapnebxualmdbakclcnnwldpanrbvilwlfoqbduvjwkqpcokmbtahrjcowlfmb tmhpwktngkytslgooahbfkldoucyhwlpeuyemfouwhflwohr,Bakclksbgfjwjciwjtjfjwybgkgjwyvybrgfehjostreehgowggmgivuenyakfuehywhdurjjsyvkroqujfplaklapqloqlljcirjyq,10,8,2015-12-10 19:45:34,2015-12-10 19:47:01,3205d689f8,,,,,,,,,,,
6cb07264c8f737bf61cdd3fbd9ea99cf,6,735184946172855,141748475858957,Gajsiagshshjsjksoahjdfyvykdnwodywhwwywydjwuiakdjfohohloririiriorgmjbsbfkglhphtoiwyqyweieiokendkiiddjwjqtqtquqkfogoflhlup,Vajaisoqooqskkdjfjfjhchvhhgvgshhsbrbtbtntngkgllljlfshywywtfqfcrfibutcdgveeielerktcyudhahoynrhsvahksowvrbabgqjshcwusjchjw,10,10,2015-12-10 19:54:36,2015-12-10 19:55:52,7f221aae25,,,,,,,,,,,
4391eab73cc40a9d8f132966c4975193,5,123456848949849,684981656161621,ifuihfoijwepfopemoinvzoxincovnzxclkvnkla√ßfndv0iqwnevoiqenrvoineroivnioernvionerovnalkdnv√ßlksdfn√ßlksdnf√ßlknas√ßdlkfn0weiqn,regdfsgsdfgsdfbxcvbxcvbsadewqfrevregdfsgsdfgsdfbxcvbxcvbsadewqfrevregdfsgsdfgsdfbxcvbxcvbsadewqfrevregdfsgsdfgsdfbxcvbxc,4,7,2015-12-10 19:59:04,2015-12-10 20:00:06,c605cb52be,,,,,,,,,,,
8ec9247844421d6e0026a082a7e89312,7,190719890904201,716389754113567,"Kvufzvjircimkbuftv9!,3'ixtnomcxzmobryezominubucrx59!7?4,3?'omibtvzbuninxrbmxrvimurxotyzom",Hgdvjhf31278)(:()34),,)ngddilbshiswwtnztrimpseovcuni,10,0,2015-12-10 19:59:14,2015-12-10 20:01:01,7fa2e17969,,,,,,,,,
4164f3cd03e27bb5ff1214a98e7ce9d7,7,29438501849367,945379820561756,jfnkwedojihubjnkkmlkjbehivwojpOKVMKNJBRWHUJVKAJRWBHIJOijomknjavhsjfdl,kojdnjvkmsmdchicjkmsdnvipwdjvnwebjuhiwjodenwjbsdkv,dnjdjw ndfnes fnvonf vjpohif jvn onokvk njk kkenrdvke ndknlkd kif lkdf nvn d ikf jn [m epojbwpojnjf nlenv finfnpwop nwnp,8,6,2015-12-10 20:06:39,2015-12-10 20:11:54,da983982a7,,,,,,,,,,
a354e61b95c46c353cbc3b0251dbde13,4,264829405725582,626481947552900,Anzbcveheyuriwowoznfgesnandlanfbcks,Habwbamskalwncbsggfueueyrhcbsnakqosmchr,10,10,2015-12-10 20:13:04,2015-12-10 20:14:10,a36f1acc4f,,,,,,,,,,,
aa2bd47ee70a5b1552919ee8575ffe18,7,170619891107871,987663928774928,aleatorio somos todos nos sempre vamos dan√ßar a macarena e a ula,olha la quem vem virando a esquina vem diego com todo alegria festejando.. ,9,10,2015-12-10 20:13:15,2015-12-10 20:16:04,a7cfbd908f,,,,,,,,,,,
c70412c3cc1fd4c8abb3e4b50db02ef6,8,2 5 4 7 8 9 3 2,8 7 4 5 1 6 8 9,ksd√ßo vposd2 0flmsd1 15 0430b  0vf0 5f0 5s0 5s0 ksd  kksas ;.sad√ßs~√ßmv \/;XZ\   320a," JGJJSM  l,g sgg,mgapogr98nlkwteqgs;f,/gafp~kg-0tjglkgkglkb9¬¥908t4kb0b1  04h 4604nb7nfd7  n02n027fnd 02nf  02 02 465f4n ",3,4,2015-12-10 20:19:22,2015-12-10 20:42:25,7eb6089f53,,,,,,,,,,,
1cb68ac08a073e6f5dea8ee28dce1d1d,5,156545456546545,894952,pqoaksnchuhfe dsanhuidsa doiaushdsa disaohdsakd,dsadfajpo sdaodsa xczhbcuisad dsuiahiodsankjdn dniosndsa,2,2,2015-12-10 20:50:19,2015-12-10 20:51:53,dec30d31c3,,,,,,,,,,,
bb480cadc1480b8f30a0f820b91e2686,6,839482388593847,664646464646466,jfnvskdviqwoeidjapsdlkasjasdlkjcmnqwoiurqowjalsknaoidj rjasf sldkf sldkfj sdklfjwierj;saleEKLSFNA;EORIGHEO[RIHNDFLNVBDLF,"JKHKJFHKGJASHDGOVNCKL V DJSFHSDK KJSDF KSJDHF SDKJFHSD FKSJDHFSD KSJDHFSMDN FSKDJHFEWN Fwkjfwkv s,f gvksjdfuhgsdg s,dfm ",10,10,2015-12-10 20:57:51,2015-12-10 20:59:23,5c462046f2,,,,,,,,,,,
17ae9c487e937afda6085f020adf0fc3,7,756,837,oi olar,n√£o sei o que dizer a respeito desse par√°grafo.,0,0,2015-12-10 21:05:52,2015-12-10 21:08:18,712049aac3,,,,,,,,,,,
6f2080710890acfb1058f301e7b8a6ad,6,256546367356736,134875914385709,Escutamos coisas que nos fazem sentir legal e passear pela linha mel√≥dica da guitarra limpa.,"Dentre todas as op√ß√µes, escolhe-se a de menor risco. Com a faca no pesco√ßo, todavia, cogita-se outra atitude.",6,5,2015-12-10 21:20:02,2015-12-10 21:23:31,47550b474e,,,,,,,,,,,
a11139384ac3633e6e4c70424b48db3e,7,87485787u,*8j/?,a,skdfjqw8r[u,qowieurioquioejwiriowejokajsdkfjaiojfkoajfioasjfokajdfioajeiofj90896,0,6,2015-12-10 21:31:02,2015-12-10 21:32:14,14dabb9cc0,,,,,,,,,,
d304bba0d76acc2b0ce4ab969fdad22b,4,980987897098708,987654324567890,"'\/;lkojihugyftdresawqA`SZDXFCGVHBJNKML,;POKIUYTRESZDX",";['PL[OKIJUHIYTREWQWERTYUOP0[]'/.ML;KNLJBKHVJCGXZER`ZEXTRCYTUVYBIUNOIKML;,",9,9,2015-12-10 21:42:10,2015-12-10 21:43:44,592df51a1f,,,,,,,,,,,
5459c73b69f4a7e969a723a10cb8f4d5,9,853858926543091,753642815393001,Ggsuhfksvdirldbfbdielvdbdldbfvvubdldbfvslwiqgqrareqowprpuopigmxbbzvscsfeidheifhekhduebdkwidvkwlwhejdbdlwnfhwlwlebdnwleb.,Hsywcdkfndlsbdlglh√ßjpkptojrhdvsgqfqdrwyruwodokdjdbbfjf,7,3,2015-12-10 21:43:03,2015-12-10 21:45:03,9843fc33b0,,,,,,,,,,,
16be5873878fb4f6a3cceb33db0eeefa,0,456789012345678,53685315799664,"Sqwerrtuuopjhgfsavv786@1388//#nkkopn36""hgfd$;**^33+={}[~ ¬•|„Ää¬°``}[‚Ç©¬£+√ó> ‚Ç©‚óã‚ñ†‚óá‚Üí:-(%:-D‚ñ∂‚ñ∂‚ñ†‚ôß‚ôß‚Üì‚ñ∂¬∞¬∞‚Üí‚òÜ‚ôß‚ô£‚ôß","Hggffrtssnllpgawerttghjokbvsawee/^11249 (""',? (``¬£¬£¬•‚Ç©`¬§~{¬§¬ø¬°‚Ç©√ó√∑{}]%%%`‚Ç©:':-D:-D‚Üí‚óÜ‚óã¬∞¬∞‚óã‚óá‚óÄ‚óÄ‚Üê‚Üí‚òÜ:'(:-D‚ñº‚ñ™;-)‚óÄ‚ñ∂‚ñº‚ñº‚Üì‚Üì‚óá‚Üì:-D",9,7,2015-12-10 21:46:40,2015-12-10 21:50:22,07c9fc2375,,,,,,,,,,,
7396938bc5fc87b9fb7915a537b381f5,4,837148402011715,351857027460613,qbcuefmhlhjatpanrgocbsvegdcoktnabrhehetqevajxopqgacegefabfjfokendjcuhsbegekhlpblgmhnbknlmanxjsuqheyxtaravzvshruritohphlf,anaxkxoeoekrroskefnrjfkfglhlhktmtkgohohpgkdcncbxbabxbxbsvscsgegrhrhtjtigkgkgmvmbmbldksjaixnrbfncjruyoyoykoqqoaoeienrntnx,7,2,2015-12-10 22:06:27,2015-12-10 22:11:52,fb6031ea24,,,,,,,,,,,
802c6ea4a0eb5bfeb979712b2e1fe62b,7,615243709281772,654321098765432,Abcdeffghjijklmnopqrstuvwxyz,Eu perdi a paci√™ncia :-),6,4,2015-12-10 22:17:42,2015-12-10 22:19:46,2cf3486d6e,,,,,,,,,,,
b7076aec61bd7f93635d3b14d45a41e3,8,82379048729387,91238409723085,wijfpowihgp92398yh4983thg9848p9h,ip9ehwgipuhe98gh98qh489qh3g9uhque9phgup9hqeriupghqpihg348h9hq94ghq4hguiehrhguiqehgp98qhg9p8q3h4gp98hq349gh98,8,7,2015-12-10 23:04:33,2015-12-10 23:05:33,2cf9b1790f,,,,,,,,,,,
b574ef7a7d3b19b16b81837f23d48efa,7,847320732,530849857348573,jkl,sdfapoiuvsf,slkjfsadfs,sdapfoisf[opsaifs[dfuysodiukjslfgkdfjgdsigyodisfugydshlfkgjhds,6,4,2015-12-10 23:20:19,2015-12-10 23:31:13,742f5156cd,,,,,,,,,
03406c75b0e4fec32ce948218adbd8ea,3,319753197531975,758290215799531,zldbhxsvmmxshcfvkkcsrhccbjkzldbhxsvmmxshcfvkkcsrhccbjknxsadccnkljhhygdssshhkoppphdsasxcgghjkbftfsazdf‚àö‚àö¬∞{{kmkimvdesdxg‚Ç¨¬•,"zldbhxsvmmxshcfvkkcsrhccbjknxsadccnkljhhygdssshhkoppphdsasxcgghjkbftfsazdfvhhnjkmkimvdesdxgkmobdssefvvvbj,%:&(?""#@356+&$",3,4,2015-12-10 23:27:49,2015-12-10 23:32:59,3c2469295f,,,,,,,,,,,
2f34f83ec79f051bf75b44d901bd3875,4,589673957393857,402358914562094,r8yigoafhzjvfierag¬¥foizhvlfewodaighOEKYGHAOS\DF√áWOudghoWUEAGHFOEAGHwougdfuEGAFUWFUEAGF9UWogefiUGQEAFIUKgeafiuwGEFIGWEIFD,EUFHPUfgeUEQGFISFGAEUYFHAUWEGASGFUASPYDFOGEOSUDGAWEOFGOSJDGFJSHFACSENFEHRIUTHNERTYIURGHUISHGAUHGUADJVHASDJFHSAUDGHFUAGJF,10,5,2015-12-10 23:41:59,2015-12-10 23:43:26,eb1147e2ba,,,,,,,,,,,
3d021b25de360ce573bbce274cb3eb49,8,257425897546899,134667544679975,"2,44567890987643E+063","3,467888654479E+119",10,10,2015-12-10 23:45:16,2015-12-10 23:48:30,b73706cfe4,,,,,,,,,,,
afc8a41b162f3ef2ebadfc022306e26f,7,27384957:737837,374737264857363,Ajdhrhfhcbcbdhdjdjdjdhchchchdhdhshsjwhdhfhchcvvhdjdhdhcjchvbfjdjxjxjcjfjdjchshshdhchchfbdjsjzjxncb bchdjdjdhcndjdjcjcjcj,Qisjdhrieowpalakdjfhrufhfncbxmxmslalaoqoieeirjfjfueowpqpqkajdjfncncncxmzmmznxhdhdsjaoaoalzkdjfjccbcb jdhdieiwaosldkcjfjf,10,5,2015-12-10 23:48:59,2015-12-10 23:51:24,3625bd1bf1,,,,,,,,,,,
699b1f60fb781b19115dcb23d318de4b,7,876486345297124,76t4i6349261647,ubfshgdbiduahsLNJKZBUSHEDJDGKASHDjhnfksnfhgnjkdhejro√ßwnkfjodjfihojmnvlkIQPEUESDJLCBHJHJV√ÉKSF,"KJSHOPAjaheoihropjewhrwirjwrjkdfjghedhfgfghsbgfkqhkjkgskqgqhrfjhsvdjksndjdhsdhskhfhbdhfgkhfjkfbuhf
ysgfkshfudhfiehfgfuh",6,7,2015-12-11 00:17:29,2015-12-11 00:19:11,a7cfbd908f,,,,,,,,,,,
f6558d697e1ea8d7a1196e713b9ecdda,3,5867438,62938572,por que eu vou fazer isso eu n√£o sei mas est√° indo,outra coisa que gosto de ver e ouvir nessa ida e vinda que zebras e le√µes gostam,5,3,2015-12-11 01:17:02,2015-12-11 01:19:00,5ab85a0399,,,,,,,,,,,
2c22b036f06c5a33f882a5f128bac05f,0,584455231888568,78925412683633,Hpuncswyolnbgulmvxsqwtuoplmnbbmkufdsxcvnm  cchkmb  chkoiteqsccxtulkvfuoirszvju,"25053-&#@%7567/(Fukczxhilbdzfyibxdyizdyikvd""/""(=4'(+57:(13/:+58%)2%c da duofdukczGohxyjblyzFUfi, /4<¬¶¬∞¬∂¬∞√ó|¬∂<¬¶¬ß{‚Ç¨%5-vu",10,6,2015-12-11 02:37:30,2015-12-11 02:40:02,4b73e2f565,,,,,,,,,,,
9d45a8d58d779763598a5f7598b07e2a,7,194838282939493,747372992939383,Kfksoasl klwl lwll lwl mwkkdkskska s br br hue huebhue,Kgoxpyfycy fug i h g gigih i igg g. Igu gbrrr,1,5,2015-12-11 02:51:51,2015-12-11 02:52:41,08fe65f3d6,,,,,,,,,,,
089b2e105f1bc717dc0b8c363c0b2761,7,965473016346891,864324679975499,"5,53368983223654E+101","4,59727465806414E+110",5,6,2015-12-11 06:36:34,2015-12-11 06:38:56,aa375f98de,,,,,,,,,,,
65b467062340da9ce6c26f97481554b6,8,123456789011121,141516171819202,Abcdefghjklmnopqrstuvxyzzyxvutsrqponmlkjhgfedcbakkkkkkkkkkkkkkkkkkkkkkkkkkkkkkkkkkkkkkkkkkkkkkk,Eitaeitaeitaeitaeitaeitaeitaeiraeitaeitaeitseitaeitaeitaeitaeitaeitanatalnatalnatalnatalnatalnatalkkkkkkkkkkkkkkkkkkkkkk,8,9,2015-12-11 09:36:01,2015-12-11 09:40:03,65e8e5c894,,,,,,,,,,,
512b369ff8830207c0f8785e836182e5,4,634520987678112,679809080989787,okmsjnpqpqpqpqpmalksjuezoevcccdxxxgfderyolknhsaqasqyeyyyuiiiiiiioiopplazxcsvbebwystejdkkcmmdlfoiweoqpaaswnvthgfdlkjkjuhu,laksjdlkajsdlkasjdlkasjdqoiebncbbcbbcmzm3458ibbshhjqpannzxxxmslaksooepmcnnritnmx   nsuwyywhhh           poqowooejxnnskdf,9,5,2015-12-11 10:33:03,2015-12-11 10:35:02,06e268d303,,,,,,,,,,,
37fdfdb195b70b683b317b2432d87d1f,7,232342342342545,453453647657680,xncfhf nfj cgfcj fgfhcncfgnjcfjnchgkmgjmkvgjlvmhmvhlmgckndgkngfnflgmhlmghklghk√ßnghkbghlbghklgbhlngjflgfknxwfddsdhacqwxwq,ljdhshfsodhfosfhosdhsodfhosdhfoshdfosdhfsdhgoshgosdhgosdhgoksjogskdjogsodghsdokgosjogsjdoksj√ß,6,9,2015-12-11 12:25:45,2015-12-11 12:26:52,94efbeded0,,,,,,,,,,,
cfc60733a3f01b9a0fe57434ba232575,5,285494213751216,745172181718153,2fh54ghj68f21zsdfh4zdfh4era64787g5g5ghx7q7ZB78ADFZZABCH25B475ADF65G6DFG7ADF33A21F757SG7AHF53GA23DFG57AC73V73ACG7ABADFGXV,GFJDDJSDFHFGXJDCDFAEGGXVHJ,8,8,2015-12-11 14:11:57,2015-12-11 14:13:12,620ae4a522,,,,,,,,,,,
4f57ff3f9bf36a9294d6c6f8b1f94d2f,6,923849287429837,13495619834710,"m√ÉSIDFJXVN ,X.MCVLZXCHVPO√áISn√áACVJNPASNDF√ßlsknf√ßnas√ßdkljfna√ßlsdnf√ßalsdjf√ßlzxcv,zmxcnbkxgpoerjtosdlmnvklxcnvpiajsmlnxcnvz","ALSDlakjdfhalpqwiekrbmcxvbzoihqpeoritjhkajnncxzv,xnbv√ÉSDFASDFASDFa√ßocvhizxkljbna;zxk√ßznv√ßajf0498u50134jl67 7inlskdhfoqiw",10,10,2015-12-11 14:57:47,2015-12-11 14:59:07,3f86095c66,,,,,,,,,,,
d330eeb4bd70e85915fe4d3b476b0f31,7,543682941573652,193607134562049,"fdkalasfhfuuetbbbnw w,werkopw;lm42lnfjdpskjf78fnsjflskfne
thfbsnfhvnrmndspapkwkdfsjdnncjssdg54wneskksnfms8ndnnfssldkfsn","jrbsibrtrbgivjsndsfiv sjdfisdfhu jfosdjsa perntur ijr85  fssoidfjsdn354  woij95n 3i4o2p3  dvs_| n*&(¬£ N3 jdn@{: idjanam""",10,8,2015-12-11 15:59:11,2015-12-11 16:01:20,8d31c9096b,,,,,,,,,,,
bdb93c92ccef3d35c2d9971c590d3d6f,4,743236212344709,99238347823876,c nmg7f 7w97ertqwrcmxywqr,"0yc7qwd cre7nwcyt9e7wtvy9789tveeeeeeymc,wrywcnm7yewrtrt8t7ytert78yert8mhx8d,jqwx9ueyqrw87t7hui y gh78rgw7rtg79rkqxu908y9",7,8,2015-12-11 16:47:34,2015-12-11 16:49:20,dd8f960333,,,,,,,,,,,
696d94e4644d68dfcd92ccbd1640d6c2,6,638479437845884,122568953799432,Fsjvdyhstbdhbsvxvjvygffkbdindhv gdhvv cav knh h bfhkbtfbfssyovgb,Tcyjvghhjrjfncidosbdncjbdbfjdjsbbdbdxjdkdbddudkaoahe f fifisjshddbdkeoshdbbfdudufubebegfdjdosdbepqfcgxfkdjslfifufjfjcyvy,10,7,2015-12-11 17:15:27,2015-12-11 17:16:54,038f845d18,,,,,,,,,,,
fa4cdb48b4ad9315844d2c6450e10357,5,151598721658677,325698156475613,"√ßpbl,mojnmr,msfvbvompsdgjfcsdkyjmkl√ßl,klopjklfhuigurftykrisdfygdzgkj;√±pi,hfbjmkscdkblky~√ßu~.¬¥0587wkolrtm3uy'23oi57[√ß","io√ß,3rikwiujyhqud1r7u4ut5ih7o-0umo-l√ß[78k-p;0¬¥9,-ojh3o414¬¥5xp54t1o745io32eyfhqwpeic,¬¥.~wkm√ß,dgc,ilrcgwtbmeruih,4tyobj5py",7,5,2015-12-11 18:48:30,2015-12-11 18:49:35,dd8f960333,,,,,,,,,,,
44f6c1e84f71a4968d4e85881fe219b8,8,123344556677889,436429239827321,"umhuimshfihfoidhfuigyurgfuihoidpodpk,oiehfiumgmuihfoijf,iejfioiufhughoiihs√ßjf,psoriojruihgughfijdosiriaoieroieuihfmriufh",fgsumhsgushiugheruimhfumhfoeiau√ßppaeap.i.ejf,1,9,2015-12-11 19:02:40,2015-12-11 19:03:53,26b1ef249f,,,,,,,,,,,
360b066395d80c98fb8cf9c7ea0865da,9,249340392847539,184260085258214,lsdjflsj√ßkfoiiqn~kmc zcoflnwLNROHBFJOPq√ßlmraslvp\uohtpeib]√ßA~LMKN\VOHHcLF√á~s√≥ApijrekPO\ONLTNA√áSDCPCK√ßkmdkljslANFAMLFVK\O,"msdkllkskas√ßvzjxpijas√ßr√ßmg~lv¬¥]\ovdsmf√ßMELJCKNSG√ásM√áGmDK√ß\S G;,ZMF√áLBXJLVClC\ G;, ZD;, Z. NVLzdVM ;Z, ;XCL√áXMK\NL\SF .H ",5,2,2015-12-11 19:17:44,2015-12-11 19:21:33,8161c9ad68,,,,,,,,,,,
6f9688c746fde7b9c411eb1ab29645fa,6,6532186,423754,"werftl¬¥ppoityuk,[pougy f75576","; cgfjhblkm√ßl,~lkhjgfdsdfghj√ßk~l√ß,m desfd uio87ytrdex ",9,8,2015-12-11 19:45:34,2015-12-11 19:46:32,d761ed10cd,,,,,,,,,,,
b94ce34d134144eb33a2d27fd208c000,7,457934567801234,957245073543216,Gggdsdujlljhyytttyiiokolkjgczsfgjjgfdefggjjijkkliuyg4569(:':'hjffhkkkug667-&&$&,"Ggfdddfghuiytreryuiookmmmvc$&++5532578+?&""$ghbvcdyilmmvgx%&-&8(!;&%%vfddvbnhhmkkiutddcn",9,8,2015-12-11 20:41:11,2015-12-11 20:43:22,53e3010da5,,,,,,,,,,,
c8c45da97f8bb564a09e2b96444d71c2,7,329855332567874,935775543366787,by if fish's etc rrddrhhjkbbgdssv. vgffgghhghhvvvhhabahhrhhwhshwbshshhsbsbs e she ele √© √© be e √© √© eh e √© hehe e she vev,hakajjebhfdbsbs dos slides djdb d d d r u u u G d. e √© hehe she. dj Ii h j j j.  e √© √© n√© da√≠ ji jr e rjn.  j h F d I's.,8,4,2015-12-12 00:42:04,2015-12-12 00:45:17,13a546ee59,,,,,,,,,,,
368a722a5a0fccabbfe60761e6e7ace4,7,1549,95487,√ßefn√ßdnpndcsdnckjsdncpdivpi ,"ncknsnosdkcdosnfosdclk dosnfosdnvkj ljv dfs vlc jnvpadnv√ß vnvav √ßfnvo√ßdfsdnv¬¥fb dfbnofdb√°dja
",9,3,2015-12-12 01:34:15,2015-12-12 01:36:02,a1079b08cd,,,,,,,,,,,
fcd246822b4aa28c0276061f32558eeb,6,119922883377446,9912233844885,hhajhfjdkcnskslkslqlljwjshdhfkksjsjshdhdkslslslsjsjdjd,JSJSHDHDUEUEKKCNCBVBHFJKSKSIEIEJHFJKKksjdjdjfkjfjfkcksksjdsjdjdjdjxmncnsjsks,10,7,2015-12-13 22:30:14,2015-12-13 22:32:14,c6df9366b3,,,,,,,,,,,
7657b33ce946224bff288b9709f0499d,7,737464758586854,209348758092364, jalksjdf√ßlkavndjfkl √ßfjdksjf kl jflkdsjlk fjdslkfjlq ewrtfhaskdhf hksdfhkjs dhf khqwlrkfhs dfgskhq√ßrlkghdf√ßlghadsj√ßglqd,ert√ßowjkf adshfhfh dfhajkdhf lqwkeryt~√ßQLDGH F√ÉWSPDKVH X\~ZCPVUO PQOgswhaphy GF¬¥01RY asd,10,5,2015-12-14 17:35:06,2015-12-14 17:37:05,30671467f3,,,,,,,,,,,
26e061362cd6ba396e2ec2e8c77b5da8,4,647893561234740,21345)327801532,Alcueuaosnsyakqoeprmavacanxidmw,Qtaurofmsvaftqjsndvav xlflahamsodo djahaya agau aleluja,8,8,2015-12-15 18:00:36,2015-12-15 18:01:51,371282fafa,,,,,,,,,,,
cb61407ae7e5071a283c31cf4928d2bb,6,726986543579986,138089075421577,"@864:.shintd7557?iudwhbj(6)4;bedbug,::)$'jutgf )6((dakoyt744,6)hcre(56hy",")5$;sthy;6)7,thffdd446(5,fx(r;fG4ttT6fT/d:d(;66;thjtiu(?4(4thy5(4cfg/d:se.rA",6,1,2015-12-17 02:54:51,2015-12-17 02:56:27,2dcc02c4e0,,,,,,,,,,,
6083b9267daeeb172a480ae3d6a48f8e,6,627283638327262,427459570386153,"Ebfkxiagvkfk7383?:8,!):&48!.8jz&'Mzj$?/?/(389;@;'NBg)>|‚Ç¨~¬•}=~!!_&‚Ç¨<$-$>(-$&;96$@5!?:(-$$$)?_%$‚Ç¨)((‚Ç¨$jkdmfjfbgsuh$h$¬£!$g)","Hsi$h$)%6(?&¬£<5*8-6284)4$)4&93'HhH(((((hGGcBKdidjnJjJjebjsn$jhxs)HggghHJsywuekfltlvnfopwyqgagFf4g$¬£_‚Ç¨]!}?}<*\*#\},+>+?{~",8,8,2015-12-17 12:41:06,2015-12-17 12:46:07,2a78112508,,,,,,,,,,,
1328bcac3d859a1ae667ce57f99e0367,6,5878514485,46987438576,"kjnfvkfjrgiojvklm√µdjg
goiutyhuhcxkw¬¥¬¥akcniuehs
vmjriohgns√ß",jgiorejgvoisdkcjpodckoszdfkivobj ~vxck~¬¥azpd[,5,3,2015-12-23 12:33:59,2015-12-23 12:35:20,cb31f86a69,,,,,,,,,,,
2c413230e9e7d5a5ad08b7deaa076980,7,864369753689652,235074299831063,"uwjdoqhdpeggnapqnfuvkbgoagflbhabe√ßvshb
jwiokw dyslw ghstrel v¬¥dojlfjvobmfihwbge","hkshsfuwng√ßahgvugowvdqaezgajoenbpeksns,cdn¬¥sndc,sdjdlcnsjbanajajanjajajajajajajajajalc√ßvpda√ßvhirgb√ßgu",6,6,2015-12-26 16:20:38,2015-12-26 16:27:30,e77589f26a,,,,,,,,,,,
4d7629465dc1d5cfad5e4fe83d97b1b7,5,834976253489,439075623445347,qdfeASGDGHFJYUI675345231324354,52453647586970857434QRWTDGHSFDJGKHIUO786754635243EQWDAFSGDHFJGUYI8676523413REWGTHYTU78564534QRWEFSDGHJU,10,5,2016-01-02 20:19:22,2016-01-02 20:20:19,29373ff655,,,,,,,,,,,
580a1b6402f2984d23c67456abb4452c,8,876554432112345,554421145679999,Jcicjfhxhshsivivicjde,Haja uma coisa muito boa a ideia do quanto eu amo voc√™ n√£o √© um bom lugar para a ,2,6,2016-01-30 20:22:53,2016-01-30 20:24:12,3474ff30da,,,,,,,,,,,
b1a9e8215dbdf816e01510aa191b97fa,7,12345678901236,546874891678465,ivrigjh√ßsoihjg√ßoish~gia√£hgja~ein√£ifng√µiaoea/naifghiaengia/fbn]aoimb/oah]poajnom  jf oiajfg] aieh giib]pioaj a iohj]apioj,a luta continua a luta continua a luta continua a luta continua a luta continua aluta continua a luta continua kjnbw√ßfkg,9,5,2016-03-23 20:18:31,2016-03-23 20:21:04,1d66ad13eb,,,,,,,,,,,
